-- phpMyAdmin SQL Dump
-- version 5.2.0
-- https://www.phpmyadmin.net/
--
-- Host: 127.0.0.1
-- Generation Time: Jan 11, 2023 at 06:48 PM
-- Server version: 10.4.24-MariaDB
-- PHP Version: 8.1.6

SET SQL_MODE = "NO_AUTO_VALUE_ON_ZERO";
START TRANSACTION;
SET time_zone = "+00:00";


/*!40101 SET @OLD_CHARACTER_SET_CLIENT=@@CHARACTER_SET_CLIENT */;
/*!40101 SET @OLD_CHARACTER_SET_RESULTS=@@CHARACTER_SET_RESULTS */;
/*!40101 SET @OLD_COLLATION_CONNECTION=@@COLLATION_CONNECTION */;
/*!40101 SET NAMES utf8mb4 */;

--
-- Database: `couzinty`
--

-- --------------------------------------------------------

--
-- Table structure for table `aliment`
--

CREATE TABLE `aliment` (
  `id_aliment` int(11) NOT NULL,
  `Aliment` varchar(66) DEFAULT NULL,
  `calories` varchar(12) DEFAULT NULL,
  `Protéines` varchar(12) DEFAULT NULL,
  `Glucides` varchar(12) DEFAULT NULL,
  `Lipides` varchar(12) DEFAULT NULL,
  `IG` varchar(12) DEFAULT NULL,
  `saison` varchar(12) DEFAULT NULL,
  `healthy` enum('oui','non') NOT NULL DEFAULT 'oui'
) ENGINE=InnoDB DEFAULT CHARSET=utf8;

--
-- Dumping data for table `aliment`
--

INSERT INTO `aliment` (`id_aliment`, `Aliment`, `calories`, `Protéines`, `Glucides`, `Lipides`, `IG`, `saison`, `healthy`) VALUES
(1, 'Coing ', '50,0', '0,4', '7,3', '0,5', '35', 'automne', 'oui'),
(2, 'Gelée de coing ', '236,0', '0,2', '58,8', '0,0', '65', 'automne', 'oui'),
(3, 'Kaki ', '74,0', '0,6', '16,0', '0,3', '50', 'automne', 'oui'),
(4, 'Pamplemousse ', '41,0', '0,6', '7,4', '0,1', '30', 'automne', 'oui'),
(5, 'Pommes de terre cuites avec peau ', '77,0', '1,7', '16,0', '0,2', '65', 'automne', 'oui'),
(6, 'Compote de pomme ', '78,0', '0,0', '19,0', '0,0', '0', 'automne', 'oui'),
(7, 'Pomme ', '55,0', '0,3', '11,5', '0,3', '35', 'automne', 'oui'),
(8, 'Pomme séchée ', '268,0', '1,0', '61,0', '1,0', '35', 'automne', 'oui'),
(9, 'Fécule de pomme de terre ', '335,0', '0,0', '83,0', '0,0', '95', 'automne', 'oui'),
(10, 'Tarte aux pommes ', '298,0', '3,5', '37,6', '14,3', '0', 'automne', 'oui'),
(11, 'Poireau ', '29,0', '2,1', '3,2', '0,2', '15', 'automne', 'oui'),
(12, 'Poireaux cuits en conserve ', '31,0', '1,2', '3,8', '0,7', '15', 'automne', 'oui'),
(13, 'Poire ', '54,0', '0,4', '11,7', '0,1', '30', 'automne', 'oui'),
(14, 'Muscat raisin sec ', '309,0', '2,4', '69,0', '0,5', '65', 'automne', 'oui'),
(15, 'Raisin blanc ', '68,0', '0,6', '16,0', '0,0', '45', 'automne', 'oui'),
(16, 'Raisin de Corinthe ', '309,0', '2,4', '69,0', '0,5', '65', 'automne', 'oui'),
(17, 'Raisin noir ', '65,0', '0,6', '15,5', '0,0', '45', 'automne', 'oui'),
(18, 'Raisin sec ', '309,0', '2,4', '69,0', '0,5', '65', 'automne', 'oui'),
(19, 'Raisin sec sultanier ', '309,0', '2,4', '69,0', '0,5', '65', 'automne', 'oui'),
(20, 'Huile de pépins de raisin ', '899,0', '0,0', '0,0', '99,9', '0', 'automne', 'oui'),
(21, 'Ma0arine ', '44,0', '0,6', '9,2', '0,2', '30', 'automne', 'oui'),
(22, 'Kiwi ', '56,0', '1,0', '9,1', '0,8', '50', 'automne', 'oui'),
(23, 'Confiture de kiwis ', '247,0', '0,2', '61,4', '0,1', '65', 'automne', 'oui'),
(24, 'Orange ', '48,0', '0,8', '9,0', '0,2', '35', 'automne', 'oui'),
(25, 'Confiture d\'orange ', '243,0', '0,4', '60,4', '0,0', '65', 'automne', 'oui'),
(26, 'Confiture d\'orange ', '236,0', '0,4', '58,3', '0,1', '65', 'automne', 'oui'),
(27, 'Litchi ', '77,0', '0,9', '16,8', '0,3', '50', 'automne', 'oui'),
(28, 'Abricot ', '47,0', '0,8', '8,5', '0,3', '30', 'été', 'oui'),
(29, 'Abricots secs ', '283,0', '3,3', '62,6', '0,5', '35', 'été', 'oui'),
(30, 'Cassis ', '53,0', '1,3', '6,1', '0,2', '15', 'été', 'oui'),
(31, 'Tomate cerise ', '20,0', '0,8', '2,9', '0,4', '30', 'été', 'oui'),
(32, 'Cerise ', '65,0', '0,8', '13,0', '0,3', '25', 'été', 'oui'),
(33, 'Cerises au sirop ', '80,0', '1,0', '19,0', '0,0', '0', 'été', 'oui'),
(34, 'Cerises au sirop ', '102,0', '0,6', '26,2', '0,2', '65', 'été', 'oui'),
(35, 'Confiture de cerises ', '250,0', '0,4', '62,2', '0,0', '65', 'été', 'oui'),
(36, 'Figue ', '65,0', '1,3', '12,9', '0,5', '35', 'été', 'oui'),
(37, 'Figue - fraîche ', '65,0', '1,3', '12,9', '0,5', '35', 'été', 'oui'),
(38, 'Figue de Barbarie ', '74,0', '0,6', '16,0', '0,3', '50', 'été', 'oui'),
(39, 'Figue de Barbarie ', '36,0', '1,0', '7,1', '0,4', '0', 'été', 'oui'),
(40, 'Figue séchée ', '275,0', '3,5', '55,0', '1,3', '40', 'été', 'oui'),
(41, 'Fraise ', '35,0', '0,8', '5,5', '0,4', '25', 'été', 'oui'),
(42, 'Lait frappé à la fraise ', '64,0', '2,8', '11,0', '1,0', '0', 'été', 'oui'),
(43, 'Yaourt grec aux fraises ', '135,0', '2,3', '14,0', '7,4', '0', 'été', 'oui'),
(44, 'Yaourt grec écrémé sucré avec des morceaux de fraise - FAGE Fruyo ', '67,0', '8,3', '8,4', '0,0', '0', 'été', 'oui'),
(45, 'Confiture de fraise ', '234,0', '0,4', '58,2', '0,0', '65', 'été', 'oui'),
(46, 'Glace à la fraise ', '200,0', '3,2', '27,6', '8,4', '60', 'été', 'oui'),
(47, 'Framboise ', '43,0', '1,3', '4,8', '0,3', '25', 'été', 'oui'),
(48, 'Confiture de framboises ', '247,0', '0,6', '61,3', '0,0', '65', 'été', 'oui'),
(49, 'Confiture de framboises ', '250,0', '0,5', '61,4', '0,3', '65', 'été', 'oui'),
(50, 'Groseille ', '40,0', '1,1', '4,7', '0,2', '25', 'été', 'oui'),
(51, 'Confiture de groseilles ', '236,0', '0,5', '58,7', '0,0', '65', 'été', 'oui'),
(52, 'Melon ', '25,0', '0,8', '6,0', '0,1', '60', 'été', 'oui'),
(53, 'Nectarine ', '49,0', '0,9', '10,0', '0,1', '35', 'été', 'oui'),
(54, 'Pêche ', '49,0', '1,0', '10,2', '0,1', '35', 'été', 'oui'),
(55, 'Pêche cuite sans sucre ', '79,0', '1,0', '19,0', '0,0', '35', 'été', 'oui'),
(56, 'Pêche plate ', '49,0', '0,9', '10,0', '0,1', '35', 'été', 'oui'),
(57, 'Pêche séchée ', '266,0', '3,0', '53,2', '0,6', '40', 'été', 'oui'),
(58, 'Yaourt grec écrémé sucré avec des morceaux de pêche - FAGE Fruyo ', '67,0', '8,4', '8,4', '0,0', '0', 'été', 'oui'),
(59, 'Pommes de terre cuites avec peau ', '77,0', '1,7', '16,0', '0,2', '65', 'été', 'oui'),
(60, 'Compote de pomme ', '78,0', '0,0', '19,0', '0,0', '0', 'été', 'oui'),
(61, 'Pomme ', '55,0', '0,3', '11,5', '0,3', '35', 'été', 'oui'),
(62, 'Pomme séchée ', '268,0', '1,0', '61,0', '1,0', '35', 'été', 'oui'),
(63, 'Fécule de pomme de terre ', '335,0', '0,0', '83,0', '0,0', '95', 'été', 'oui'),
(64, 'Tarte aux pommes ', '298,0', '3,5', '37,6', '14,3', '0', 'été', 'oui'),
(65, 'Prune ', '51,0', '0,6', '10,0', '0,1', '35', 'été', 'oui'),
(66, 'Prune claudia ', '57,0', '0,0', '13,0', '0,0', '35', 'été', 'oui'),
(67, 'Pruneau ', '237,0', '2,3', '42,4', '0,5', '40', 'été', 'oui'),
(68, 'Confiture de prunes ', '241,0', '0,3', '60,0', '0,0', '65', 'été', 'oui'),
(69, 'Confiture de prunes ', '247,0', '0,3', '61,2', '0,1', '65', 'été', 'oui'),
(70, 'Gâteau au chocolat et aux pruneaux ', '440,0', '4,2', '53,6', '23,2', '0', 'été', 'oui'),
(71, 'Coulis de tomate ', '38,0', '2,3', '5,5', '0,5', '35', 'été', 'oui'),
(72, 'Tomate ', '23,0', '0,8', '3,5', '0,2', '30', 'été', 'oui'),
(73, 'Tomate cerise ', '20,0', '0,8', '2,9', '0,4', '30', 'été', 'oui'),
(74, 'Confiture de tomates ', '242,0', '0,5', '59,7', '0,1', '65', 'été', 'oui'),
(75, 'Banane plantain mûre ', '96,0', '1,0', '20,8', '0,2', '60', 'été', 'oui'),
(76, 'Mûres ', '47,0', '1,1', '6,2', '1,0', '25', 'été', 'oui'),
(77, 'Confiture de mûres ', '237,0', '0,5', '58,7', '0,0', '65', 'été', 'oui'),
(78, 'Confiture de mûres ', '240,0', '0,8', '57,5', '0,7', '65', 'été', 'oui'),
(79, 'Myrtille ', '46,0', '0,6', '6,0', '0,6', '25', 'été', 'oui'),
(80, 'Pastèque ', '18,0', '0,6', '4,5', '0,3', '75', 'été', 'oui'),
(81, 'Poireau ', '29,0', '2,1', '3,2', '0,2', '15', 'été', 'oui'),
(82, 'Poireaux cuits en conserve ', '31,0', '1,2', '3,8', '0,7', '15', 'été', 'oui'),
(83, 'Poire ', '54,0', '0,4', '11,7', '0,1', '30', 'été', 'oui'),
(84, 'Pruneau ', '237,0', '2,3', '42,4', '0,5', '40', 'été', 'oui'),
(85, 'Gâteau au chocolat et aux pruneaux ', '440,0', '4,2', '53,6', '23,2', '0', 'été', 'oui'),
(86, 'Pamplemousse ', '41,0', '0,6', '7,4', '0,1', '30', 'été', 'oui'),
(87, 'Muscat raisin sec ', '309,0', '2,4', '69,0', '0,5', '65', 'été', 'oui'),
(88, 'Raisin blanc ', '68,0', '0,6', '16,0', '0,0', '45', 'été', 'oui'),
(89, 'Raisin de Corinthe ', '309,0', '2,4', '69,0', '0,5', '65', 'été', 'oui'),
(90, 'Raisin noir ', '65,0', '0,6', '15,5', '0,0', '45', 'été', 'oui'),
(91, 'Raisin sec ', '309,0', '2,4', '69,0', '0,5', '65', 'été', 'oui'),
(92, 'Raisin sec sultanier ', '309,0', '2,4', '69,0', '0,5', '65', 'été', 'oui'),
(93, 'Huile de pépins de raisin ', '899,0', '0,0', '0,0', '99,9', '0', 'été', 'oui'),
(94, 'Citron ', '42,0', '0,6', '3,1', '0,3', '20', 'hiver', 'oui'),
(95, 'Citron vert ', '17,0', '0,5', '1,9', '0,2', '0', 'hiver', 'oui'),
(96, 'Kiwi ', '56,0', '1,0', '9,1', '0,8', '50', 'hiver', 'oui'),
(97, 'Confiture de kiwis ', '247,0', '0,2', '61,4', '0,1', '65', 'hiver', 'oui'),
(98, 'Ma0arine ', '44,0', '0,6', '9,2', '0,2', '30', 'hiver', 'oui'),
(99, 'Orange ', '48,0', '0,8', '9,0', '0,2', '35', 'hiver', 'oui'),
(100, 'Confiture d\'orange ', '243,0', '0,4', '60,4', '0,0', '65', 'hiver', 'oui'),
(101, 'Confiture d\'orange ', '236,0', '0,4', '58,3', '0,1', '65', 'hiver', 'oui'),
(102, 'Pamplemousse ', '41,0', '0,6', '7,4', '0,1', '30', 'hiver', 'oui'),
(103, 'Poireau ', '29,0', '2,1', '3,2', '0,2', '15', 'hiver', 'oui'),
(104, 'Poireaux cuits en conserve ', '31,0', '1,2', '3,8', '0,7', '15', 'hiver', 'oui'),
(105, 'Poire ', '54,0', '0,4', '11,7', '0,1', '30', 'hiver', 'oui'),
(106, 'Pommes de terre cuites avec peau ', '77,0', '1,7', '16,0', '0,2', '65', 'hiver', 'oui'),
(107, 'Compote de pomme ', '78,0', '0,0', '19,0', '0,0', '0', 'hiver', 'oui'),
(108, 'Pomme ', '55,0', '0,3', '11,5', '0,3', '35', 'hiver', 'oui'),
(109, 'Pomme séchée ', '268,0', '1,0', '61,0', '1,0', '35', 'hiver', 'oui'),
(110, 'Fécule de pomme de terre ', '335,0', '0,0', '83,0', '0,0', '95', 'hiver', 'oui'),
(111, 'Tarte aux pommes ', '298,0', '3,5', '37,6', '14,3', '0', 'hiver', 'oui'),
(112, 'Avocat ', '233,0', '1,8', '0,4', '23,5', '10', 'printemps', 'oui'),
(113, 'Huile d\'avocat ', '884,0', '0,0', '0,0', '100,0', '0', 'printemps', 'oui'),
(114, 'Citron ', '42,0', '0,6', '3,1', '0,3', '20', 'printemps', 'oui'),
(115, 'Citron vert ', '17,0', '0,5', '1,9', '0,2', '0', 'printemps', 'oui'),
(116, 'Orange ', '48,0', '0,8', '9,0', '0,2', '35', 'printemps', 'oui'),
(117, 'Confiture d\'orange ', '243,0', '0,4', '60,4', '0,0', '65', 'printemps', 'oui'),
(118, 'Confiture d\'orange ', '236,0', '0,4', '58,3', '0,1', '65', 'printemps', 'oui'),
(119, 'Kiwi ', '56,0', '1,0', '9,1', '0,8', '50', 'printemps', 'oui'),
(120, 'Confiture de kiwis ', '247,0', '0,2', '61,4', '0,1', '65', 'printemps', 'oui'),
(121, 'Pamplemousse ', '41,0', '0,6', '7,4', '0,1', '30', 'printemps', 'oui'),
(122, 'Pommes de terre cuites avec peau ', '77,0', '1,7', '16,0', '0,2', '65', 'printemps', 'oui'),
(123, 'Compote de pomme ', '78,0', '0,0', '19,0', '0,0', '0', 'printemps', 'oui'),
(124, 'Pomme ', '55,0', '0,3', '11,5', '0,3', '35', 'printemps', 'oui'),
(125, 'Pomme séchée ', '268,0', '1,0', '61,0', '1,0', '35', 'printemps', 'oui'),
(126, 'Fécule de pomme de terre ', '335,0', '0,0', '83,0', '0,0', '95', 'printemps', 'oui'),
(127, 'Tarte aux pommes ', '298,0', '3,5', '37,6', '14,3', '0', 'printemps', 'oui'),
(128, 'Tomate cerise ', '20,0', '0,8', '2,9', '0,4', '30', 'printemps', 'oui'),
(129, 'Cerise ', '65,0', '0,8', '13,0', '0,3', '25', 'printemps', 'oui'),
(130, 'Cerises au sirop ', '80,0', '1,0', '19,0', '0,0', '0', 'printemps', 'oui'),
(131, 'Cerises au sirop ', '102,0', '0,6', '26,2', '0,2', '65', 'printemps', 'oui'),
(132, 'Confiture de cerises ', '250,0', '0,4', '62,2', '0,0', '65', 'printemps', 'oui'),
(133, 'Fraise ', '35,0', '0,8', '5,5', '0,4', '25', 'printemps', 'oui'),
(134, 'Lait frappé à la fraise ', '64,0', '2,8', '11,0', '1,0', '0', 'printemps', 'oui'),
(135, 'Yaourt grec aux fraises ', '135,0', '2,3', '14,0', '7,4', '0', 'printemps', 'oui'),
(136, 'Yaourt grec écrémé sucré avec des morceaux de fraise - FAGE Fruyo ', '67,0', '8,3', '8,4', '0,0', '0', 'printemps', 'oui'),
(137, 'Confiture de fraise ', '234,0', '0,4', '58,2', '0,0', '65', 'printemps', 'oui'),
(138, 'Glace à la fraise ', '200,0', '3,2', '27,6', '8,4', '60', 'printemps', 'oui'),
(139, 'Framboise ', '43,0', '1,3', '4,8', '0,3', '25', 'printemps', 'oui'),
(140, 'Confiture de framboises ', '247,0', '0,6', '61,3', '0,0', '65', 'printemps', 'oui'),
(141, 'Confiture de framboises ', '250,0', '0,5', '61,4', '0,3', '65', 'printemps', 'oui'),
(142, 'Abricot ', '47,0', '0,8', '8,5', '0,3', '30', 'printemps', 'oui'),
(143, 'Abricots secs ', '283,0', '3,3', '62,6', '0,5', '35', 'printemps', 'oui'),
(144, 'Cassis ', '53,0', '1,3', '6,1', '0,2', '15', 'printemps', 'oui'),
(145, 'Groseille ', '40,0', '1,1', '4,7', '0,2', '25', 'printemps', 'oui'),
(146, 'Confiture de groseilles ', '236,0', '0,5', '58,7', '0,0', '65', 'printemps', 'oui'),
(147, 'Melon ', '25,0', '0,8', '6,0', '0,1', '60', 'printemps', 'oui'),
(148, 'Tomate cerise ', '20,0', '0,8', '2,9', '0,4', '30', 'printemps', 'oui'),
(149, 'Ail ', '120,0', '4,3', '24,4', '0,2', '30', 'printemps', 'oui'),
(150, 'Aile de poulet ', '217,0', '18,3', '0,0', '16,0', '0', 'printemps', 'oui'),
(151, 'Caille ', '110,0', '22,3', '0,0', '2,0', '0', 'printemps', 'oui'),
(152, 'Caillebotte ', '86,0', '4,5', '6,5', '4,7', '35', 'printemps', 'oui'),
(153, 'Œuf de caille ', '155,0', '13,0', '0,4', '11,0', '0', 'printemps', 'oui'),
(154, 'Artichaut ', '44,0', '2,3', '3,0', '0,1', '20', 'printemps', 'oui'),
(155, 'Artichaut ', '45,0', '2,3', '2,9', '0,2', '20', 'printemps', 'oui'),
(156, 'Artichaut cuit en conserve ', '36,0', '3,0', '1,2', '0,1', '20', 'printemps', 'oui'),
(157, 'Artichaut surgelé ', '37,0', '2,6', '3,8', '0,4', '20', 'printemps', 'oui'),
(158, 'Asperge blanche ', '19,0', '1,8', '1,5', '0,3', '15', 'printemps', 'oui'),
(159, 'Asperge verte ', '21,0', '2,2', '2,0', '0,1', '15', 'printemps', 'oui'),
(160, 'Asperges en conserve ', '19,0', '1,8', '1,5', '0,3', '15', 'printemps', 'oui'),
(161, 'Betterave ', '46,0', '1,5', '8,3', '0,0', '30', 'printemps', 'oui'),
(162, 'Betteraves cuites en conserve ', '44,0', '2,3', '7,6', '0,0', '65', 'printemps', 'oui'),
(163, 'Blette ', '30,0', '1,8', '4,5', '0,2', '15', 'printemps', 'oui'),
(164, 'Blette cuite en conserve ', '19,0', '1,8', '2,3', '0,0', '15', 'printemps', 'oui'),
(165, 'Tablette de chocolat et biscuit ', '500,0', '6,5', '63,0', '24,5', '65', 'printemps', 'oui'),
(166, 'Tablette de chocolat type mars ', '569,0', '12,3', '39,6', '43,7', '65', 'printemps', 'oui'),
(167, 'Carotte ', '40,0', '1,2', '7,0', '0,2', '30', 'printemps', 'oui'),
(168, 'Carotte bouillie ', '40,0', '1,2', '7,0', '0,2', '85', 'printemps', 'oui'),
(169, 'Chou-fleur ', '28,0', '2,4', '2,3', '0,2', '15', 'printemps', 'oui'),
(170, 'Concombre ', '13,0', '0,6', '2,0', '0,2', '15', 'printemps', 'oui'),
(171, 'E0ive ', '23,0', '1,1', '3,6', '0,2', '15', 'printemps', 'oui'),
(172, 'E0ive ', '19,0', '0,5', '2,4', '0,6', '0', 'printemps', 'oui'),
(173, 'Épinards ', '21,0', '2,6', '0,6', '0,2', '15', 'printemps', 'oui'),
(174, 'Épinards cuits en conserve ', '19,0', '3,0', '0,0', '0,4', '15', 'printemps', 'oui'),
(175, 'Salade frisée ', '17,0', '1,6', '1,0', '0,2', '15', 'printemps', 'oui'),
(176, 'Laitue ', '20,0', '1,3', '1,5', '0,5', '15', 'printemps', 'oui'),
(177, 'Laitue romaine ', '20,0', '1,3', '1,4', '0,6', '15', 'printemps', 'oui'),
(178, 'Laitue sauvage ', '17,0', '1,6', '1,0', '0,2', '15', 'printemps', 'oui'),
(179, 'Feuilles de navet ', '27,0', '1,5', '5,7', '0,3', '15', 'printemps', 'oui'),
(180, 'Oignon ', '32,0', '1,1', '5,3', '0,2', '15', 'printemps', 'oui'),
(181, 'Oignon nouveau ', '28,0', '1,1', '5,5', '0,2', '15', 'printemps', 'oui'),
(182, 'Oignons nouveaux ', '29,0', '2,1', '3,2', '0,2', '0', 'printemps', 'oui'),
(183, 'Petit poisson frit ', '80,0', '11,4', '1,8', '3,0', '0', 'printemps', 'oui'),
(184, 'Poireau ', '29,0', '2,1', '3,2', '0,2', '15', 'printemps', 'oui'),
(185, 'Poireaux cuits en conserve ', '31,0', '1,2', '3,8', '0,7', '15', 'printemps', 'oui'),
(186, 'Fécule de pomme de terre ', '335,0', '0,0', '83,0', '0,0', '95', 'printemps', 'oui'),
(187, 'Radis ', '17,0', '1,0', '2,1', '0,1', '15', 'printemps', 'oui'),
(188, 'Aubergine ', '22,0', '1,2', '2,3', '0,1', '20', 'printemps', 'oui'),
(189, 'Courgette ro0e ', '18,0', '1,4', '3,8', '0,2', '0', 'printemps', 'oui'),
(190, 'Courgettes ', '23,0', '1,8', '2,0', '0,5', '15', 'printemps', 'oui'),
(191, 'Brocoli ', '33,0', '3,5', '2,6', '0,2', '15', 'printemps', 'oui'),
(192, 'Fenouil ', '16,0', '0,5', '3,2', '0,3', '15', 'printemps', 'oui'),
(193, 'Fenouil ', '305,0', '16,0', '55,0', '15,0', '5', 'printemps', 'oui'),
(194, 'Poivron rouge ', '31,0', '1,2', '3,8', '0,9', '15', 'printemps', 'oui'),
(195, 'Poivron vert ', '20,0', '0,6', '1,6', '0,8', '15', 'printemps', 'oui'),
(196, 'Ail ', '120,0', '4,3', '24,4', '0,2', '30', 'été', 'oui'),
(197, 'Aile de poulet ', '217,0', '18,3', '0,0', '16,0', '0', 'été', 'oui'),
(198, 'Caille ', '110,0', '22,3', '0,0', '2,0', '0', 'été', 'oui'),
(199, 'Caillebotte ', '86,0', '4,5', '6,5', '4,7', '35', 'été', 'oui'),
(200, 'Œuf de caille ', '155,0', '13,0', '0,4', '11,0', '0', 'été', 'oui'),
(201, 'Artichaut ', '44,0', '2,3', '3,0', '0,1', '20', 'été', 'oui'),
(202, 'Artichaut ', '45,0', '2,3', '2,9', '0,2', '20', 'été', 'oui'),
(203, 'Artichaut cuit en conserve ', '36,0', '3,0', '1,2', '0,1', '20', 'été', 'oui'),
(204, 'Artichaut surgelé ', '37,0', '2,6', '3,8', '0,4', '20', 'été', 'oui'),
(205, 'Asperge blanche ', '19,0', '1,8', '1,5', '0,3', '15', 'été', 'oui'),
(206, 'Asperge verte ', '21,0', '2,2', '2,0', '0,1', '15', 'été', 'oui'),
(207, 'Asperges en conserve ', '19,0', '1,8', '1,5', '0,3', '15', 'été', 'oui'),
(208, 'Aubergine ', '22,0', '1,2', '2,3', '0,1', '20', 'été', 'oui'),
(209, 'Betterave ', '46,0', '1,5', '8,3', '0,0', '30', 'été', 'oui'),
(210, 'Betteraves cuites en conserve ', '44,0', '2,3', '7,6', '0,0', '65', 'été', 'oui'),
(211, 'Blette ', '30,0', '1,8', '4,5', '0,2', '15', 'été', 'oui'),
(212, 'Blette cuite en conserve ', '19,0', '1,8', '2,3', '0,0', '15', 'été', 'oui'),
(213, 'Tablette de chocolat et biscuit ', '500,0', '6,5', '63,0', '24,5', '65', 'été', 'oui'),
(214, 'Tablette de chocolat type mars ', '569,0', '12,3', '39,6', '43,7', '65', 'été', 'oui'),
(215, 'Brocoli ', '33,0', '3,5', '2,6', '0,2', '15', 'été', 'oui'),
(216, 'Carotte ', '40,0', '1,2', '7,0', '0,2', '30', 'été', 'oui'),
(217, 'Carotte bouillie ', '40,0', '1,2', '7,0', '0,2', '85', 'été', 'oui'),
(218, 'Concombre ', '13,0', '0,6', '2,0', '0,2', '15', 'été', 'oui'),
(219, 'Courgette ro0e ', '18,0', '1,4', '3,8', '0,2', '0', 'été', 'oui'),
(220, 'Courgettes ', '23,0', '1,8', '2,0', '0,5', '15', 'été', 'oui'),
(221, 'Épinards ', '21,0', '2,6', '0,6', '0,2', '15', 'été', 'oui'),
(222, 'Épinards cuits en conserve ', '19,0', '3,0', '0,0', '0,4', '15', 'été', 'oui'),
(223, 'Fenouil ', '16,0', '0,5', '3,2', '0,3', '15', 'été', 'oui'),
(224, 'Fenouil ', '305,0', '16,0', '55,0', '15,0', '5', 'été', 'oui'),
(225, 'Laitue ', '20,0', '1,3', '1,5', '0,5', '15', 'été', 'oui'),
(226, 'Laitue romaine ', '20,0', '1,3', '1,4', '0,6', '15', 'été', 'oui'),
(227, 'Laitue sauvage ', '17,0', '1,6', '1,0', '0,2', '15', 'été', 'oui'),
(228, 'Oignon ', '32,0', '1,1', '5,3', '0,2', '15', 'été', 'oui'),
(229, 'Oignon nouveau ', '28,0', '1,1', '5,5', '0,2', '15', 'été', 'oui'),
(230, 'Oignons nouveaux ', '29,0', '2,1', '3,2', '0,2', '0', 'été', 'oui'),
(231, 'Petit poisson frit ', '80,0', '11,4', '1,8', '3,0', '0', 'été', 'oui'),
(232, 'Poivron rouge ', '31,0', '1,2', '3,8', '0,9', '15', 'été', 'oui'),
(233, 'Poivron vert ', '20,0', '0,6', '1,6', '0,8', '15', 'été', 'oui'),
(234, 'Radis ', '17,0', '1,0', '2,1', '0,1', '15', 'été', 'oui'),
(235, 'Chou rouge ', '27,0', '1,5', '3,5', '0,1', '15', 'été', 'oui'),
(236, 'Courge ', '29,0', '1,1', '4,6', '0,1', '75', 'été', 'oui'),
(237, 'Courgette ro0e ', '18,0', '1,4', '3,8', '0,2', '0', 'été', 'oui'),
(238, 'Courgettes ', '23,0', '1,8', '2,0', '0,5', '15', 'été', 'oui'),
(239, 'Salade frisée ', '17,0', '1,6', '1,0', '0,2', '15', 'été', 'oui'),
(240, 'Chou ', '31,0', '1,7', '4,0', '0,4', '15', 'été', 'oui'),
(241, 'Chou chinois ', '11,0', '1,2', '1,3', '0,3', '15', 'été', 'oui'),
(242, 'Chou frisé ', '20,0', '3,0', '2,4', '0,4', '15', 'été', 'oui'),
(243, 'Chou rouge ', '27,0', '1,5', '3,5', '0,1', '15', 'été', 'oui'),
(244, 'Chou vert ', '45,0', '4,3', '2,5', '0,9', '15', 'été', 'oui'),
(245, 'Chou-fleur ', '28,0', '2,4', '2,3', '0,2', '15', 'été', 'oui'),
(246, 'Choucroute ', '16,0', '1,5', '2,4', '0,3', '15', 'été', 'oui'),
(247, 'Choux de Bruxelles ', '44,0', '4,4', '3,2', '0,3', '15', 'été', 'oui'),
(248, 'Chou-fleur ', '28,0', '2,4', '2,3', '0,2', '15', 'été', 'oui'),
(249, 'Chou frisé ', '20,0', '3,0', '2,4', '0,4', '15', 'été', 'oui'),
(250, 'Patate douce ', '115,0', '1,6', '24,0', '0,6', '50', 'été', 'oui'),
(251, 'Poireau ', '29,0', '2,1', '3,2', '0,2', '15', 'été', 'oui'),
(252, 'Poireaux cuits en conserve ', '31,0', '1,2', '3,8', '0,7', '15', 'été', 'oui'),
(253, 'Graines de potiron ', '548,0', '21,5', '20,0', '43,0', '25', 'été', 'oui'),
(254, 'Ail ', '120,0', '4,3', '24,4', '0,2', '30', 'automne', 'oui'),
(255, 'Aile de poulet ', '217,0', '18,3', '0,0', '16,0', '0', 'automne', 'oui'),
(256, 'Caille ', '110,0', '22,3', '0,0', '2,0', '0', 'automne', 'oui'),
(257, 'Caillebotte ', '86,0', '4,5', '6,5', '4,7', '35', 'automne', 'oui'),
(258, 'Œuf de caille ', '155,0', '13,0', '0,4', '11,0', '0', 'automne', 'oui'),
(259, 'Aubergine ', '22,0', '1,2', '2,3', '0,1', '20', 'automne', 'oui'),
(260, 'Betterave ', '46,0', '1,5', '8,3', '0,0', '30', 'automne', 'oui'),
(261, 'Betteraves cuites en conserve ', '44,0', '2,3', '7,6', '0,0', '65', 'automne', 'oui'),
(262, 'Blette ', '30,0', '1,8', '4,5', '0,2', '15', 'automne', 'oui'),
(263, 'Blette cuite en conserve ', '19,0', '1,8', '2,3', '0,0', '15', 'automne', 'oui'),
(264, 'Tablette de chocolat et biscuit ', '500,0', '6,5', '63,0', '24,5', '65', 'automne', 'oui'),
(265, 'Tablette de chocolat type mars ', '569,0', '12,3', '39,6', '43,7', '65', 'automne', 'oui'),
(266, 'Brocoli ', '33,0', '3,5', '2,6', '0,2', '15', 'automne', 'oui'),
(267, 'Carotte ', '40,0', '1,2', '7,0', '0,2', '30', 'automne', 'oui'),
(268, 'Carotte bouillie ', '40,0', '1,2', '7,0', '0,2', '85', 'automne', 'oui'),
(269, 'Chou ', '31,0', '1,7', '4,0', '0,4', '15', 'automne', 'oui'),
(270, 'Chou chinois ', '11,0', '1,2', '1,3', '0,3', '15', 'automne', 'oui'),
(271, 'Chou frisé ', '20,0', '3,0', '2,4', '0,4', '15', 'automne', 'oui'),
(272, 'Chou rouge ', '27,0', '1,5', '3,5', '0,1', '15', 'automne', 'oui'),
(273, 'Chou vert ', '45,0', '4,3', '2,5', '0,9', '15', 'automne', 'oui'),
(274, 'Chou-fleur ', '28,0', '2,4', '2,3', '0,2', '15', 'automne', 'oui'),
(275, 'Choucroute ', '16,0', '1,5', '2,4', '0,3', '15', 'automne', 'oui'),
(276, 'Choux de Bruxelles ', '44,0', '4,4', '3,2', '0,3', '15', 'automne', 'oui'),
(277, 'Chou-fleur ', '28,0', '2,4', '2,3', '0,2', '15', 'automne', 'oui'),
(278, 'Chou frisé ', '20,0', '3,0', '2,4', '0,4', '15', 'automne', 'oui'),
(279, 'Chou rouge ', '27,0', '1,5', '3,5', '0,1', '15', 'automne', 'oui'),
(280, 'Concombre ', '13,0', '0,6', '2,0', '0,2', '15', 'automne', 'oui'),
(281, 'Courge ', '29,0', '1,1', '4,6', '0,1', '75', 'automne', 'oui'),
(282, 'Courgette ro0e ', '18,0', '1,4', '3,8', '0,2', '0', 'automne', 'oui'),
(283, 'Courgettes ', '23,0', '1,8', '2,0', '0,5', '15', 'automne', 'oui'),
(284, 'Courgette ro0e ', '18,0', '1,4', '3,8', '0,2', '0', 'automne', 'oui'),
(285, 'Courgettes ', '23,0', '1,8', '2,0', '0,5', '15', 'automne', 'oui'),
(286, 'E0ive ', '23,0', '1,1', '3,6', '0,2', '15', 'automne', 'oui'),
(287, 'E0ive ', '19,0', '0,5', '2,4', '0,6', '0', 'automne', 'oui'),
(288, 'Épinards ', '21,0', '2,6', '0,6', '0,2', '15', 'automne', 'oui'),
(289, 'Épinards cuits en conserve ', '19,0', '3,0', '0,0', '0,4', '15', 'automne', 'oui'),
(290, 'Fenouil ', '16,0', '0,5', '3,2', '0,3', '15', 'automne', 'oui'),
(291, 'Fenouil ', '305,0', '16,0', '55,0', '15,0', '5', 'automne', 'oui'),
(292, 'Salade frisée ', '17,0', '1,6', '1,0', '0,2', '15', 'automne', 'oui'),
(293, 'Laitue ', '20,0', '1,3', '1,5', '0,5', '15', 'automne', 'oui'),
(294, 'Laitue romaine ', '20,0', '1,3', '1,4', '0,6', '15', 'automne', 'oui'),
(295, 'Laitue sauvage ', '17,0', '1,6', '1,0', '0,2', '15', 'automne', 'oui'),
(296, 'Feuilles de navet ', '27,0', '1,5', '5,7', '0,3', '15', 'automne', 'oui'),
(297, 'Oignon ', '32,0', '1,1', '5,3', '0,2', '15', 'automne', 'oui'),
(298, 'Oignon nouveau ', '28,0', '1,1', '5,5', '0,2', '15', 'automne', 'oui'),
(299, 'Oignons nouveaux ', '29,0', '2,1', '3,2', '0,2', '0', 'automne', 'oui'),
(300, 'Patate douce ', '115,0', '1,6', '24,0', '0,6', '50', 'automne', 'oui'),
(301, 'Poireau ', '29,0', '2,1', '3,2', '0,2', '15', 'automne', 'oui'),
(302, 'Poireaux cuits en conserve ', '31,0', '1,2', '3,8', '0,7', '15', 'automne', 'oui'),
(303, 'Graines de potiron ', '548,0', '21,5', '20,0', '43,0', '25', 'automne', 'oui'),
(304, 'Radis ', '17,0', '1,0', '2,1', '0,1', '15', 'automne', 'oui'),
(305, 'Rutabaga ', '31,0', '1,0', '4,6', '0,2', '70', 'automne', 'oui'),
(306, 'Topinambour - châtaigne moulue ', '80,0', '2,2', '16,1', '0,2', '50', 'automne', 'oui'),
(307, 'Mâche ', '10,0', '1,8', '0,7', '0,4', '15', 'automne', 'oui'),
(308, 'Machette ', '138,0', '20,5', '0,0', '5,4', '0', 'automne', 'oui'),
(309, 'Ail ', '120,0', '4,3', '24,4', '0,2', '30', 'hiver', 'oui'),
(310, 'Aile de poulet ', '217,0', '18,3', '0,0', '16,0', '0', 'hiver', 'oui'),
(311, 'Caille ', '110,0', '22,3', '0,0', '2,0', '0', 'hiver', 'oui'),
(312, 'Caillebotte ', '86,0', '4,5', '6,5', '4,7', '35', 'hiver', 'oui'),
(313, 'Œuf de caille ', '155,0', '13,0', '0,4', '11,0', '0', 'hiver', 'oui'),
(314, 'Betterave ', '46,0', '1,5', '8,3', '0,0', '30', 'hiver', 'oui'),
(315, 'Betteraves cuites en conserve ', '44,0', '2,3', '7,6', '0,0', '65', 'hiver', 'oui'),
(316, 'Carotte ', '40,0', '1,2', '7,0', '0,2', '30', 'hiver', 'oui'),
(317, 'Carotte bouillie ', '40,0', '1,2', '7,0', '0,2', '85', 'hiver', 'oui'),
(318, 'Chou ', '31,0', '1,7', '4,0', '0,4', '15', 'hiver', 'oui'),
(319, 'Chou chinois ', '11,0', '1,2', '1,3', '0,3', '15', 'hiver', 'oui'),
(320, 'Chou frisé ', '20,0', '3,0', '2,4', '0,4', '15', 'hiver', 'oui'),
(321, 'Chou rouge ', '27,0', '1,5', '3,5', '0,1', '15', 'hiver', 'oui'),
(322, 'Chou vert ', '45,0', '4,3', '2,5', '0,9', '15', 'hiver', 'oui'),
(323, 'Chou-fleur ', '28,0', '2,4', '2,3', '0,2', '15', 'hiver', 'oui'),
(324, 'Choucroute ', '16,0', '1,5', '2,4', '0,3', '15', 'hiver', 'oui'),
(325, 'Choux de Bruxelles ', '44,0', '4,4', '3,2', '0,3', '15', 'hiver', 'oui'),
(326, 'Chou frisé ', '20,0', '3,0', '2,4', '0,4', '15', 'hiver', 'oui'),
(327, 'Chou rouge ', '27,0', '1,5', '3,5', '0,1', '15', 'hiver', 'oui'),
(328, 'Courge ', '29,0', '1,1', '4,6', '0,1', '75', 'hiver', 'oui'),
(329, 'Courgette ro0e ', '18,0', '1,4', '3,8', '0,2', '0', 'hiver', 'oui'),
(330, 'Courgettes ', '23,0', '1,8', '2,0', '0,5', '15', 'hiver', 'oui'),
(331, 'E0ive ', '23,0', '1,1', '3,6', '0,2', '15', 'hiver', 'oui'),
(332, 'E0ive ', '19,0', '0,5', '2,4', '0,6', '0', 'hiver', 'oui'),
(333, 'Épinards ', '21,0', '2,6', '0,6', '0,2', '15', 'hiver', 'oui'),
(334, 'Épinards cuits en conserve ', '19,0', '3,0', '0,0', '0,4', '15', 'hiver', 'oui'),
(335, 'Salade frisée ', '17,0', '1,6', '1,0', '0,2', '15', 'hiver', 'oui'),
(336, 'Mâche ', '10,0', '1,8', '0,7', '0,4', '15', 'hiver', 'oui'),
(337, 'Machette ', '138,0', '20,5', '0,0', '5,4', '0', 'hiver', 'oui'),
(338, 'Feuilles de navet ', '27,0', '1,5', '5,7', '0,3', '15', 'hiver', 'oui'),
(339, 'Oignon ', '32,0', '1,1', '5,3', '0,2', '15', 'hiver', 'oui'),
(340, 'Oignon nouveau ', '28,0', '1,1', '5,5', '0,2', '15', 'hiver', 'oui'),
(341, 'Oignons nouveaux ', '29,0', '2,1', '3,2', '0,2', '0', 'hiver', 'oui'),
(342, 'Poireau ', '29,0', '2,1', '3,2', '0,2', '15', 'hiver', 'oui'),
(343, 'Poireaux cuits en conserve ', '31,0', '1,2', '3,8', '0,7', '15', 'hiver', 'oui'),
(344, 'Topinambour - châtaigne moulue ', '80,0', '2,2', '16,1', '0,2', '50', 'hiver', 'oui'),
(345, 'Radis ', '17,0', '1,0', '2,1', '0,1', '15', 'hiver', 'oui'),
(346, 'Asperge blanche ', '19,0', '1,8', '1,5', '0,3', '15', 'hiver', 'oui'),
(347, 'Asperge verte ', '21,0', '2,2', '2,0', '0,1', '15', 'hiver', 'oui'),
(348, 'Asperges en conserve ', '19,0', '1,8', '1,5', '0,3', '15', 'hiver', 'oui'),
(349, 'Blette ', '30,0', '1,8', '4,5', '0,2', '15', 'hiver', 'oui'),
(350, 'Blette cuite en conserve ', '19,0', '1,8', '2,3', '0,0', '15', 'hiver', 'oui'),
(351, 'Tablette de chocolat et biscuit ', '500,0', '6,5', '63,0', '24,5', '65', 'hiver', 'oui'),
(352, 'Tablette de chocolat type mars ', '569,0', '12,3', '39,6', '43,7', '65', 'hiver', 'oui'),
(353, 'Chou-fleur ', '28,0', '2,4', '2,3', '0,2', '15', 'hiver', 'oui'),
(354, 'Lasagne - pâtes de blé te0re ', '346,0', '11,9', '74,8', '2,0', '75', 'automne', 'oui'),
(355, 'Lentille ', '350,0', '23,1', '54,8', '1,7', '30', 'Multi_saison', 'oui'),
(356, 'Lentilles cuites en conserve ', '109,0', '8,8', '14,9', '0,7', '35', 'Multi_saison', 'oui'),
(357, 'Petits pois en conserve ', '89,0', '5,3', '12,5', '1,0', '45', 'été', 'oui'),
(358, 'Petits pois frais ', '90,0', '6,8', '11,4', '0,9', '35', 'été', 'oui'),
(359, 'Petits pois surgelés ', '72,0', '6,0', '9,0', '0,4', '35', 'été', 'oui'),
(360, 'Pois chiche ', '383,0', '20,8', '55,8', '5,5', '30', 'été', 'oui'),
(361, 'Pois chiches cuits en conserve ', '120,0', '7,2', '14,1', '3,0', '35', 'été', 'oui'),
(362, 'Pois secs ', '318,0', '22,9', '56,7', '1,4', '25', 'été', 'oui'),
(363, 'Gélatine - queue de poisson ', '338,0', '84,4', '0,0', '0,0', '0', 'été', 'oui'),
(364, 'Petit poisson frit ', '80,0', '11,4', '1,8', '3,0', '0', 'été', 'oui'),
(365, 'Poisson pané ', '183,0', '12,6', '15,8', '7,5', '0', 'été', 'oui'),
(366, 'Poisson scorpion ', '91,0', '19,0', '0,0', '1,7', '0', 'été', 'oui'),
(367, 'Farine de seigle complet ', '283,0', '9,0', '56,0', '1,0', '45', 'été', 'oui'),
(368, 'Germe de seigle ', '405,0', '42,0', '26,0', '11,0', '15', 'été', 'oui'),
(369, 'Pain de seigle ', '230,0', '6,2', '45,8', '1,0', '65', 'été', 'oui'),
(370, 'Pain de seigle complet ', '191,0', '6,0', '34,3', '1,3', '45', 'été', 'oui'),
(371, 'Seigle - complet ', '350,0', '9,4', '76,0', '1,0', '45', 'été', 'oui'),
(372, 'Céréales pour petit-déjeuner à base de maïs, de blé et d\'avoine ', '416,0', '6,2', '80,9', '6,8', '0', 'automne', 'oui'),
(373, 'Céréales pour petit-déjeuner au maïs et au miel ', '394,0', '6,0', '83,0', '3,5', '85', 'automne', 'oui'),
(374, 'Épi de maïs ', '345,0', '8,5', '64,0', '3,8', '55', 'automne', 'oui'),
(375, 'Farine de maïs ', '343,0', '8,2', '66,0', '2,8', '70', 'automne', 'oui'),
(376, 'Fécule de maïs - Maizena ', '355,0', '0,3', '88,2', '0,1', '85', 'automne', 'oui'),
(377, 'Flocons de maïs ', '372,0', '7,6', '85,2', '1,0', '65', 'automne', 'oui'),
(378, 'Maïs ', '102,0', '3,3', '18,0', '1,2', '55', 'automne', 'oui'),
(379, 'Maïs cuit ', '50,0', '1,1', '10,7', '0,2', '65', 'automne', 'oui'),
(380, 'Maïs pourpre ', '355,0', '7,3', '76,2', '3,4', '35', 'automne', 'oui'),
(381, 'Pain de maïs ', '227,0', '6,4', '43,8', '1,9', '0', 'automne', 'oui'),
(382, 'Huile de maïs ', '899,0', '0,0', '0,0', '99,9', '0', 'automne', 'oui'),
(383, 'Margarine de maïs ', '725,0', '1,0', '1,0', '80,0', '0', 'automne', 'oui'),
(384, 'Haricot blanc ', '284,0', '21,1', '34,7', '1,6', '35', 'automne', 'oui'),
(385, 'Quinoa ', '378,0', '14,0', '64,0', '6,0', '35', 'automne', 'oui'),
(386, 'Riz au lait ', '390,0', '4,0', '11,0', '36,5', '0', 'automne', 'oui'),
(387, 'Céréales pour petit-déjeuner à base de blé et de riz ', '380,0', '16,0', '75,0', '1,0', '0', 'automne', 'oui'),
(388, 'Céréales pour petit-déjeuner à base de riz, de blé et de fruits ', '356,0', '5,8', '76,6', '2,2', '0', 'automne', 'oui'),
(389, 'Céréales pour petit-déjeuner au riz et au miel ', '385,0', '5,1', '87,0', '1,0', '70', 'automne', 'oui'),
(390, 'Crêpes de riz brun ', '386,0', '8,0', '84,0', '2,0', '85', 'automne', 'oui'),
(391, 'Farine de riz ', '355,0', '6,0', '79,0', '0,0', '95', 'automne', 'oui'),
(392, 'Fécule de riz ', '343,0', '0,8', '85,0', '0,0', '100', 'automne', 'oui'),
(393, 'Riz basmati blanc ', '351,0', '9,2', '76,3', '1,3', '50', 'automne', 'oui'),
(394, 'Riz blanc ', '366,0', '6,6', '81,6', '0,9', '70', 'automne', 'oui'),
(395, 'Riz blanc précuit ou cuisson rapide ', '349,0', '6,9', '78,2', '0,6', '85', 'automne', 'oui'),
(396, 'Riz complet ', '350,0', '7,2', '74,1', '2,2', '50', 'automne', 'oui'),
(397, 'Riz complet cuit ', '107,0', '2,1', '23,0', '0,6', '0', 'automne', 'oui'),
(398, 'Riz sauvage ', '306,0', '12,3', '60,2', '1,8', '35', 'automne', 'oui'),
(399, 'Riz soufflé ', '369,0', '6,1', '89,7', '0,9', '60', 'automne', 'oui'),
(400, 'Riz au lait ', '90,0', '3,3', '17,0', '1,3', '85', 'automne', 'oui'),
(401, 'Farine de sarrasin complète ', '346,0', '11,0', '66,0', '2,0', '40', 'automne', 'oui'),
(402, 'Sarrasin ', '340,0', '10,0', '71,3', '1,7', '40', 'automne', 'oui'),
(403, 'Fève de soja ', '422,0', '35,0', '30,0', '18,0', '15', 'automne', 'oui'),
(404, 'Pousse de soja ', '55,0', '5,5', '4,6', '1,0', '15', 'automne', 'oui'),
(405, 'Soja ', '373,0', '34,0', '6,0', '18,0', '15', 'automne', 'oui'),
(406, 'Soja frais ', '137,0', '13,7', '10,3', '4,8', '15', 'automne', 'oui'),
(407, 'Farine de soja ', '384,0', '37,3', '3,0', '20,6', '25', 'automne', 'oui'),
(408, 'Lécithine de soja ', '873,0', '0,0', '0,0', '97,0', '0', 'automne', 'oui'),
(409, 'Huile de soja ', '900,0', '0,0', '0,0', '99,9', '0', 'automne', 'oui'),
(410, 'Azuki ', '290,0', '19,0', '53,0', '2,0', '35', 'Multi_saison', 'oui'),
(411, 'Bourrache ', '21,0', '1,8', '3,1', '0,7', '15', 'Multi_saison', 'oui'),
(412, 'Branche de céleri brut ', '19,0', '1,1', '2,4', '0,2', '15', 'Multi_saison', 'oui'),
(413, 'Câpres ', '43,0', '2,3', '4,8', '0,8', '0', 'Multi_saison', 'oui'),
(414, 'Cèpes', '34,0', '4,2', '0,5', '1,2', '15', 'Multi_saison', 'oui'),
(415, 'Cèpes cuits en conserve ', '21,0', '3,3', '0,1', '0,5', '15', 'Multi_saison', 'oui'),
(416, 'Chardon ', '17,0', '0,8', '2,2', '0,1', '15', 'Multi_saison', 'oui'),
(417, 'Chayotte ', '23,0', '0,8', '4,5', '0,1', '0', 'Multi_saison', 'oui'),
(418, 'Chufa ', '409,0', '6,1', '42,5', '23,7', '55', 'Multi_saison', 'oui'),
(419, 'Chuño ', '315,0', '2,0', '76,5', '0,1', '0', 'Multi_saison', 'oui'),
(420, 'Ciboulette ', '29,0', '2,1', '3,2', '0,2', '5', 'Multi_saison', 'oui'),
(421, 'Coeur de palmier ', '43,0', '2,5', '8,0', '0,0', '20', 'Multi_saison', 'oui'),
(422, 'Cornichons au vinaigre ', '18,0', '1,0', '2,6', '0,1', '0', 'Multi_saison', 'oui'),
(423, 'Cresson ', '20,0', '1,6', '2,0', '0,3', '15', 'Multi_saison', 'oui'),
(424, 'Fèves ', '91,0', '6,8', '11,3', '0,9', '0', 'Multi_saison', 'oui'),
(425, 'Fèves ', '128,0', '15,6', '9,9', '2,9', '15', 'Multi_saison', 'oui'),
(426, 'Flageolet ', '292,0', '23,5', '35,1', '0,8', '35', 'Multi_saison', 'oui'),
(427, 'Fromage de tofu ', '134,0', '13,0', '1,0', '9,0', '15', 'Multi_saison', 'oui'),
(428, 'Haricot pinto ', '290,0', '23,5', '35,1', '0,8', '35', 'Multi_saison', 'oui'),
(429, 'Haricots blancs cuits, en conserve ', '101,0', '6,7', '15,7', '0,3', '35', 'Multi_saison', 'oui'),
(430, 'Haricots cru frais ', '390,0', '23,5', '60,0', '0,8', '40', 'Multi_saison', 'oui'),
(431, 'Haricots pinto cuits en conserve ', '124,0', '8,4', '17,7', '0,2', '40', 'Multi_saison', 'oui'),
(432, 'Haricots secs ', '345,0', '23,0', '60,0', '1,5', '0', 'Multi_saison', 'oui'),
(433, 'Haricots verts ', '37,0', '2,3', '4,2', '0,5', '30', 'Multi_saison', 'oui'),
(434, 'Haricots verts en conserve ', '15,0', '1,1', '1,5', '0,1', '30', 'Multi_saison', 'oui'),
(435, 'Haricots verts surgelés ', '36,0', '1,8', '3,6', '0,9', '30', 'Multi_saison', 'oui'),
(436, 'Níscalo ', '11,0', '1,9', '0,1', '0,7', '0', 'Multi_saison', 'oui'),
(437, 'Olive ', '156,0', '1,2', '0,0', '16,8', '15', 'Multi_saison', 'oui'),
(438, 'Olive noire ', '299,0', '2,0', '4,0', '29,8', '15', 'Multi_saison', 'oui'),
(439, 'Olive verte ', '155,0', '1,2', '0,0', '16,7', '15', 'Multi_saison', 'oui'),
(440, 'Oseille ', '22,0', '2,0', '3,2', '0,7', '15', 'Multi_saison', 'oui'),
(441, 'Persil ', '59,0', '4,4', '7,4', '0,3', '5', 'Multi_saison', 'oui'),
(442, 'Piment ', '20,0', '0,6', '1,6', '0,8', '15', 'Multi_saison', 'oui'),
(443, 'Piment jaune ', '39,0', '0,9', '8,8', '0,7', '0', 'Multi_saison', 'oui'),
(444, 'Piment jaune frais ', '39,0', '0,9', '8,8', '0,7', '0', 'Multi_saison', 'oui'),
(445, 'Piment jaune sec ', '302,0', '7,3', '64,8', '6,3', '0', 'Multi_saison', 'oui'),
(446, 'Piment oiseaux ', '50,0', '1,0', '10,0', '0,0', '0', 'Multi_saison', 'oui'),
(447, 'Piment piquillo ', '22,0', '1,2', '3,8', '0,2', '15', 'Multi_saison', 'oui'),
(448, 'Piment rouge ', '31,0', '1,1', '7,1', '0,3', '0', 'Multi_saison', 'oui'),
(449, 'Piment vert ', '15,0', '0,8', '2,6', '0,2', '0', 'Multi_saison', 'oui'),
(450, 'Roquette ', '31,0', '2,5', '3,6', '0,6', '15', 'Multi_saison', 'oui'),
(451, 'Tofu ', '83,0', '8,0', '1,8', '4,7', '15', 'Multi_saison', 'oui'),
(452, 'Truffe ', '30,0', '6,0', '0,7', '0,5', '0', 'Multi_saison', 'oui'),
(453, 'Abats d\'agneau ', '90,0', '16,7', '0,0', '2,6', '0', 'Multi_saison', 'oui'),
(454, 'Agneau de lait ', '105,0', '21,0', '0,0', '2,4', '0', 'Multi_saison', 'oui'),
(455, 'Agneau rôti ', '266,0', '26,0', '0,0', '17,9', '0', 'Multi_saison', 'oui'),
(456, 'Aiguillettes ', '212,0', '20,6', '0,0', '14,4', '0', 'Multi_saison', 'oui'),
(457, 'Aiguillettes de veau ', '205,0', '20,6', '0,0', '13,6', '0', 'Multi_saison', 'oui'),
(458, 'Alpaga ', '107,0', '24,1', '0,3', '0,5', '0', 'Multi_saison', 'oui'),
(459, 'Babilla de veau ', '131,0', '20,7', '0,0', '5,4', '0', 'Multi_saison', 'oui'),
(460, 'Basse côte ', '212,0', '20,6', '0,0', '14,4', '0', 'Multi_saison', 'oui'),
(461, 'Basse côte de veau ', '131,0', '18,6', '0,0', '6,2', '0', 'Multi_saison', 'oui'),
(462, 'Boeuf haché ', '197,0', '18,5', '0,0', '13,0', '0', 'Multi_saison', 'oui'),
(463, 'Brochettes mauresques ', '202,0', '17,4', '0,8', '14,7', '0', 'Multi_saison', 'oui'),
(464, 'Cabri ', '113,0', '19,3', '0,0', '4,0', '0', 'Multi_saison', 'oui'),
(465, 'Canard ', '227,0', '18,0', '0,0', '17,0', '0', 'Multi_saison', 'oui'),
(466, 'Canard sauvage ', '211,0', '17,4', '0,0', '15,2', '0', 'Multi_saison', 'oui'),
(467, 'Cerf ', '120,0', '22,9', '0,0', '2,4', '0', 'Multi_saison', 'oui'),
(468, 'Cervelle d\'agneau ', '133,0', '10,0', '0,0', '10,0', '0', 'Multi_saison', 'oui'),
(469, 'Chapon rôti ', '229,0', '29,0', '0,0', '11,7', '0', 'Multi_saison', 'oui'),
(470, 'Chevreau ', '165,0', '18,7', '0,0', '9,4', '0', 'Multi_saison', 'oui'),
(471, 'Chevreuil ', '103,0', '21,4', '0,0', '1,3', '0', 'Multi_saison', 'oui'),
(472, 'Coeur de di0e ', '140,0', '16,7', '0,4', '7,4', '0', 'Multi_saison', 'oui'),
(473, 'Côte de chevreau ', '225,0', '17,1', '0,0', '17,4', '0', 'Multi_saison', 'oui'),
(474, 'Côte de veau ', '115,0', '20,8', '1,8', '2,6', '0', 'Multi_saison', 'oui'),
(475, 'Côtelette d\'agneau ', '250,0', '16,0', '0,0', '20,0', '0', 'Multi_saison', 'oui'),
(476, 'Côtelettes d\'agneau ', '385,0', '12,0', '0,0', '37,0', '0', 'Multi_saison', 'oui'),
(477, 'Côtelettes de bœuf ', '257,0', '17,0', '0,0', '21,0', '0', 'Multi_saison', 'oui'),
(478, 'Côtes de mouton ', '225,0', '18,0', '0,0', '17,0', '0', 'Multi_saison', 'oui'),
(479, 'Côtes de veau ', '112,0', '21,0', '0,0', '3,1', '0', 'Multi_saison', 'oui'),
(480, 'Cou de veau ', '131,0', '18,6', '0,0', '6,2', '0', 'Multi_saison', 'oui'),
(481, 'Cuisses de canard confites', '113,0', '21,6', '0,0', '2,9', '0', 'Multi_saison', 'oui'),
(482, 'Cuisse de di0e ', '114,0', '20,5', '0,0', '3,6', '0', 'Multi_saison', 'oui'),
(483, 'Cuisse de poulet ', '113,0', '20,6', '0,0', '3,4', '0', 'Multi_saison', 'oui'),
(484, 'Cœur d\'agneau ', '119,0', '16,5', '0,2', '5,7', '0', 'Multi_saison', 'oui'),
(485, 'Cœur de poulet ', '149,0', '15,6', '0,7', '9,3', '0', 'Multi_saison', 'oui'),
(486, 'Cœur de vache ', '105,0', '17,0', '0,0', '4,0', '0', 'Multi_saison', 'oui'),
(487, 'Di0e ', '157,0', '20,0', '0,0', '8,5', '0', 'Multi_saison', 'oui'),
(488, 'Echine de taureau ', '131,0', '18,6', '0,0', '6,2', '0', 'Multi_saison', 'oui'),
(489, 'Entrecôte de boeuf ', '104,0', '18,2', '0,0', '3,5', '0', 'Multi_saison', 'oui'),
(490, 'Entrecôte de bœuf ', '102,0', '15,0', '0,0', '5,9', '0', 'Multi_saison', 'oui'),
(491, 'Entrecôte de veau ', '153,0', '20,0', '0,0', '7,0', '0', 'Multi_saison', 'oui'),
(492, 'Entrecôte de veau blanc ', '131,0', '20,7', '0,0', '5,4', '0', 'Multi_saison', 'oui'),
(493, 'Épaule d\'agneau ', '314,0', '15,6', '0,0', '28,0', '0', 'Multi_saison', 'oui'),
(494, 'Épaule de chèvre', '122,0', '19,2', '0,0', '5,0', '0', 'Multi_saison', 'oui'),
(495, 'Épaule de veau ', '205,0', '20,6', '0,0', '13,6', '0', 'Multi_saison', 'oui'),
(496, 'Escalopes de veau blanc ', '131,0', '20,7', '0,0', '5,4', '0', 'Multi_saison', 'oui'),
(497, 'Extrait de via0e Bovril ', '169,0', '38,0', '2,9', '0,7', '0', 'Multi_saison', 'oui'),
(498, 'Faisan ', '154,0', '23,7', '0,0', '6,5', '0', 'Multi_saison', 'oui'),
(499, 'Faux-filet d\'autruche ', '113,0', '21,6', '0,0', '2,9', '0', 'Multi_saison', 'oui'),
(500, 'Filet d\'autruche ', '113,0', '21,6', '0,0', '2,9', '0', 'Multi_saison', 'oui'),
(501, 'Filet de bœuf ', '103,0', '20,0', '0,0', '2,5', '0', 'Multi_saison', 'oui'),
(502, 'Filet de bœuf ', '272,0', '16,6', '0,0', '22,0', '0', 'Multi_saison', 'oui'),
(503, 'Filet de bœuf ', '180,0', '20,0', '0,0', '11,0', '0', 'Multi_saison', 'oui'),
(504, 'Filet de poulet ', '113,0', '20,6', '0,0', '3,4', '0', 'Multi_saison', 'oui'),
(505, 'Filet de veau ', '131,0', '18,6', '0,0', '6,2', '0', 'Multi_saison', 'oui'),
(506, 'Filet de veau maigre ', '131,0', '20,7', '0,0', '5,4', '0', 'Multi_saison', 'oui'),
(507, 'Filets de veau blanc ', '131,0', '20,7', '0,0', '5,4', '0', 'Multi_saison', 'oui'),
(508, 'Foie de poulet ', '136,0', '22,0', '1,2', '4,7', '0', 'Multi_saison', 'oui'),
(509, 'Foie de vache ', '135,0', '20,3', '3,9', '3,6', '0', 'Multi_saison', 'oui'),
(510, 'Foie de veau ', '136,0', '19,3', '4,2', '4,6', '0', 'Multi_saison', 'oui'),
(511, 'Foie gras de Canard', '324,0', '11,8', '2,5', '29,0', '0', 'Multi_saison', 'oui'),
(512, 'Gésier d\'agneau ', '131,0', '15,3', '0,0', '7,8', '0', 'Multi_saison', 'oui'),
(513, 'Gésier de vache ', '229,0', '14,4', '0,0', '19,0', '0', 'Multi_saison', 'oui'),
(514, 'Gésiers de poulet ', '118,0', '18,2', '0,6', '4,2', '0', 'Multi_saison', 'oui'),
(515, 'Gigot d\'agneau ', '178,0', '18,0', '0,0', '11,8', '0', 'Multi_saison', 'oui'),
(516, 'Gigot de filets d\'agneau ', '250,0', '16,1', '0,0', '20,6', '0', 'Multi_saison', 'oui'),
(517, 'Hamburger au poulet ', '153,0', '19,1', '1,8', '7,7', '0', 'Multi_saison', 'oui'),
(518, 'Hanche de bœuf ', '242,0', '20,0', '0,0', '18,0', '0', 'Multi_saison', 'oui'),
(519, 'Hanche de veau ', '131,0', '20,0', '0,0', '5,4', '0', 'Multi_saison', 'oui'),
(520, 'Jarret de veau ', '131,0', '18,6', '0,0', '6,2', '0', 'Multi_saison', 'oui'),
(521, 'Langue d\'agneau ', '193,0', '15,0', '0,0', '14,6', '0', 'Multi_saison', 'oui'),
(522, 'Langue de veau ', '148,0', '17,8', '0,0', '8,5', '0', 'Multi_saison', 'oui'),
(523, 'Lapin ', '88,0', '10,0', '0,0', '5,2', '0', 'Multi_saison', 'oui'),
(524, 'Les joues de boeuf (joues) ', '128,0', '26,2', '0,0', '5,0', '0', 'Multi_saison', 'oui'),
(525, 'Lièvre ', '114,0', '21,6', '0,0', '3,0', '0', 'Multi_saison', 'oui'),
(526, 'Longe de veau ', '120,0', '16,6', '0,0', '6,0', '0', 'Multi_saison', 'oui'),
(527, 'Longe farcie ', '323,0', '26,9', '0,0', '24,0', '0', 'Multi_saison', 'oui'),
(528, 'Macreuse de veau ', '212,0', '20,6', '0,0', '14,4', '0', 'Multi_saison', 'oui'),
(529, 'Magret de canard ', '227,0', '18,1', '0,0', '17,2', '0', 'Multi_saison', 'oui'),
(530, 'Mouton', '235,0', '17,6', '0,0', '16,6', '0', 'Multi_saison', 'oui'),
(531, 'Oie rôtie ', '319,0', '29,3', '0,0', '22,4', '0', 'Multi_saison', 'oui'),
(532, 'Onglets de boeuf ', '104,0', '18,2', '0,0', '3,5', '0', 'Multi_saison', 'oui'),
(533, 'Ossobuco de di0e ', '112,0', '19,3', '0,0', '3,7', '0', 'Multi_saison', 'oui'),
(534, 'Pigeon ', '106,0', '22,0', '0,0', '2,0', '0', 'Multi_saison', 'oui'),
(535, 'Poitrine de di0e ', '105,0', '24,0', '0,0', '1,0', '0', 'Multi_saison', 'oui'),
(536, 'Poitrine de poulet ', '113,0', '20,6', '0,0', '3,4', '0', 'Multi_saison', 'oui'),
(537, 'Poitrine de poulet marinée ', '101,0', '17,2', '3,5', '2,0', '0', 'Multi_saison', 'oui'),
(538, 'Poitrine de poulet marinée à l\'asiatique ', '98,0', '18,7', '3,5', '1,3', '0', 'Multi_saison', 'oui'),
(539, 'Poitrine de veau ', '131,0', '20,7', '0,0', '5,0', '0', 'Multi_saison', 'oui'),
(540, 'Poule ', '232,0', '17,3', '0,0', '18,0', '0', 'Multi_saison', 'oui'),
(541, 'Poulet ', '166,0', '19,8', '0,0', '9,6', '0', 'Multi_saison', 'oui'),
(542, 'Poulet pané ', '242,0', '18,0', '13,5', '13,0', '0', 'Multi_saison', 'oui'),
(543, 'Poulet rôti avec peau ', '213,0', '24,4', '0,0', '12,8', '0', 'Multi_saison', 'oui'),
(544, 'Poulet rôti sans peau ', '148,0', '24,8', '0,0', '5,4', '0', 'Multi_saison', 'oui'),
(545, 'Poumon d\'agneau ', '90,0', '16,7', '0,0', '2,6', '0', 'Multi_saison', 'oui'),
(546, 'Queue de boeuf ', '131,0', '18,7', '0,0', '6,2', '0', 'Multi_saison', 'oui'),
(547, 'Queue de taureau ', '200,0', '18,6', '0,0', '14,0', '0', 'Multi_saison', 'oui'),
(548, 'Queue de vache ', '200,0', '18,5', '0,0', '14,0', '0', 'Multi_saison', 'oui'),
(549, 'Queue de veau ', '212,0', '20,6', '0,0', '14,4', '0', 'Multi_saison', 'oui'),
(550, 'Ragoût de veau ', '229,0', '23,1', '0,0', '15,2', '0', 'Multi_saison', 'oui'),
(551, 'Ragoût de veau blanc ', '131,0', '20,7', '0,0', '5,4', '0', 'Multi_saison', 'oui'),
(552, 'Rein d\'agneau ', '90,0', '16,5', '0,0', '2,7', '0', 'Multi_saison', 'oui'),
(553, 'Rein de boeuf ', '117,0', '16,0', '0,0', '5,0', '0', 'Multi_saison', 'oui'),
(554, 'Rôti de di0e ', '118,0', '17,0', '1,4', '4,3', '0', 'Multi_saison', 'oui'),
(555, 'Rôti de di0e avec peau ', '189,0', '26,0', '0,0', '9,0', '0', 'Multi_saison', 'oui'),
(556, 'Rôti de poulet ', '118,0', '18,0', '0,5', '5,1', '0', 'Multi_saison', 'oui'),
(557, 'Saucisse ', '152,0', '20,0', '0,0', '8,0', '0', 'Multi_saison', 'oui'),
(558, 'Saucisse blanche ', '88,0', '18,0', '0,0', '1,8', '0', 'Multi_saison', 'oui'),
(559, 'Saucisse catalane ', '249,0', '17,7', '0,4', '19,6', '0', 'Multi_saison', 'oui'),
(560, 'Saucisse cuite ', '390,0', '14,1', '0,3', '36,0', '0', 'Multi_saison', 'oui'),
(561, 'Saucisse de poulet', '257,0', '12,9', '6,8', '19,5', '0', 'Multi_saison', 'oui'),
(562, 'Saucisse fraîche ', '309,0', '13,1', '0,9', '28,0', '0', 'Multi_saison', 'oui'),
(563, 'Saucisse légère', '125,0', '15,0', '0,4', '7,1', '0', 'Multi_saison', 'oui'),
(564, 'Saucisson ', '438,0', '19,2', '1,4', '39,5', '0', 'Multi_saison', 'oui'),
(565, 'Steak tartare de veau blanc ', '131,0', '20,7', '0,0', '5,4', '0', 'Multi_saison', 'oui'),
(566, 'Surlonge de poulet ', '106,0', '24,0', '0,0', '1,0', '0', 'Multi_saison', 'oui'),
(567, 'Surlonge de poulet fermier ', '223,0', '18,3', '0,0', '16,9', '0', 'Multi_saison', 'oui'),
(568, 'Surlonge de veau blanc ', '131,0', '20,7', '0,0', '5,4', '0', 'Multi_saison', 'oui'),
(569, 'Tête de veau ', '210,0', '25,0', '0,0', '12,0', '0', 'Multi_saison', 'oui'),
(570, 'Tranche d\'échine ', '219,0', '17,5', '0,0', '16,5', '0', 'Multi_saison', 'oui'),
(571, 'Tripes ', '100,0', '19,0', '0,0', '2,0', '0', 'Multi_saison', 'oui'),
(572, 'Tripes de veau ', '134,0', '14,8', '0,0', '8,3', '0', 'Multi_saison', 'oui'),
(573, 'Vache ro0e - boeuf ', '132,0', '21,8', '0,0', '4,3', '0', 'Multi_saison', 'oui'),
(574, 'Boeuf ', '131,0', '18,6', '0,0', '6,2', '0', 'Multi_saison', 'oui'),
(575, 'Via0e de bœuf grasse ', '200,0', '18,5', '0,0', '14,0', '0', 'Multi_saison', 'oui'),
(576, 'Via0e de bœuf maigre ', '120,0', '20,3', '0,0', '4,3', '0', 'Multi_saison', 'oui'),
(577, 'Via0e de cerf ', '110,0', '22,9', '1,4', '0,8', '0', 'Multi_saison', 'oui'),
(578, 'Via0e de cheval ', '108,0', '20,6', '0,4', '2,6', '0', 'Multi_saison', 'oui'),
(579, 'Via0e fumée ', '182,0', '32,0', '0,0', '6,0', '0', 'Multi_saison', 'oui'),
(580, 'Acérola ', '17,0', '0,2', '3,6', '0,2', '20', 'Multi_saison', 'oui'),
(581, 'Aguaymanto ', '53,0', '0,1', '16,0', '0,2', '15', 'Multi_saison', 'oui'),
(582, 'Ama0e ', '610,0', '18,7', '5,3', '54,0', '15', 'Multi_saison', 'oui'),
(583, 'Ama0es frites ', '621,0', '19,0', '4,5', '55,1', '15', 'Multi_saison', 'oui'),
(584, 'Ama0es fumées à l\'arôme de bacon Medina ', '607,0', '21,3', '12,2', '49,9', '15', 'Multi_saison', 'oui'),
(585, 'Ama0es grillées ', '621,0', '23,0', '6,6', '53,0', '15', 'Multi_saison', 'oui'),
(586, 'Ananas ', '53,0', '0,4', '10,5', '0,3', '45', 'Multi_saison', 'oui'),
(587, 'Ananas au sirop ', '70,0', '0,3', '15,4', '0,1', '65', 'Multi_saison', 'oui'),
(588, 'Ananas dans son jus ', '45,0', '0,4', '9,7', '0,0', '50', 'Multi_saison', 'oui'),
(589, 'Anone ', '72,0', '1,2', '14,1', '0,7', '35', 'Multi_saison', 'oui'),
(590, 'Baie de Goji ', '258,0', '11,4', '61,4', '0,6', '30', 'Multi_saison', 'oui'),
(591, 'Banane plantain ', '96,0', '1,0', '20,8', '0,2', '45', 'Multi_saison', 'oui'),
(592, 'Banane séchée ', '371,0', '4,0', '86,0', '0,0', '0', 'Multi_saison', 'oui'),
(593, 'Brugnon ', '50,0', '0,9', '10,2', '0,1', '35', 'Multi_saison', 'oui'),
(594, 'Cacahuète ', '563,0', '25,2', '7,9', '46,0', '15', 'Multi_saison', 'oui'),
(595, 'Café soluble en poudre décaféinée ', '219,0', '11,0', '42,0', '0,2', '0', 'Multi_saison', 'oui'),
(596, 'Châtaigne ', '190,0', '2,6', '36,5', '2,2', '65', 'Multi_saison', 'oui'),
(597, 'Crème de coco ', '330,0', '3,6', '7,0', '35,0', '0', 'Multi_saison', 'oui'),
(598, 'Dattes ', '293,0', '1,8', '65,0', '0,4', '70', 'Multi_saison', 'oui'),
(599, 'Goyave ', '44,0', '0,8', '5,8', '0,5', '35', 'Multi_saison', 'oui'),
(600, 'Graine de lin foncée ', '431,0', '20,0', '0,0', '39,0', '0', 'Multi_saison', 'oui'),
(601, 'Graine de pavot ', '533,0', '18,0', '23,7', '44,7', '35', 'Multi_saison', 'oui'),
(602, 'Graine de sésame ', '563,0', '18,6', '21,6', '49,1', '35', 'Multi_saison', 'oui'),
(603, 'Graines de chia ', '486,0', '17,0', '42,0', '31,0', '35', 'Multi_saison', 'oui'),
(604, 'Graines de lin dorées ', '580,0', '22,5', '22,5', '43,1', '35', 'Multi_saison', 'oui'),
(605, 'Graines de tournesol ', '569,0', '19,8', '12,3', '47,5', '35', 'Multi_saison', 'oui'),
(606, 'Grains de café ', '297,0', '13,5', '1,5', '13,4', '0', 'Multi_saison', 'oui'),
(607, 'Grenade ', '66,0', '2,3', '9,5', '0,4', '30', 'Multi_saison', 'oui'),
(608, 'Grenade ', '78,0', '0,6', '16,1', '0,6', '35', 'Multi_saison', 'oui'),
(609, 'Jujube ', '105,0', '1,4', '24,1', '0,3', '0', 'Multi_saison', 'oui'),
(610, 'Lait d\'ama0e en poudre ', '85,0', '11,0', '62,0', '9,5', '30', 'Multi_saison', 'oui'),
(611, 'Mangue ', '61,0', '0,6', '12,5', '0,4', '50', 'Multi_saison', 'oui'),
(612, 'Manioc ', '148,0', '1,1', '35,5', '0,2', '55', 'Multi_saison', 'oui'),
(613, 'Manioc grillé ', '168,0', '0,6', '44,4', '0,3', '0', 'Multi_saison', 'oui'),
(614, 'Marrons grillés ', '237,0', '4,0', '39,7', '5,3', '65', 'Multi_saison', 'oui'),
(615, 'Néfle ', '45,0', '0,5', '8,5', '0,2', '55', 'Multi_saison', 'oui'),
(616, 'Nèfle du Japon ', '45,0', '0,5', '8,5', '0,2', '55', 'Multi_saison', 'oui'),
(617, 'Noisette ', '661,0', '12,0', '10,5', '61,6', '15', 'Multi_saison', 'oui'),
(618, 'Noix ', '649,0', '14,4', '4,4', '62,5', '15', 'Multi_saison', 'oui'),
(619, 'Noix de cajou ', '578,0', '17,5', '30,5', '42,0', '25', 'Multi_saison', 'oui'),
(620, 'Noix de coco fraîche ', '385,0', '4,6', '4,7', '36,5', '45', 'Multi_saison', 'oui'),
(621, 'Noix de coco râpée - sèche ', '630,0', '5,6', '6,4', '62,0', '45', 'Multi_saison', 'oui'),
(622, 'Noix de pécan ', '690,0', '9,0', '14,0', '72,0', '15', 'Multi_saison', 'oui'),
(623, 'Papaye ', '35,0', '0,5', '7,1', '0,0', '60', 'Multi_saison', 'oui'),
(624, 'Pignon ', '706,0', '14,0', '3,9', '68,6', '15', 'Multi_saison', 'oui'),
(625, 'Pistache ', '603,0', '17,6', '11,6', '51,6', '15', 'Multi_saison', 'oui'),
(626, 'Pomélo ', '41,0', '0,6', '7,4', '0,1', '30', 'Multi_saison', 'oui'),
(627, 'Tamarin ', '238,0', '2,3', '56,7', '0,2', '0', 'Multi_saison', 'oui'),
(628, 'Tapioca ', '345,0', '0,5', '85,0', '0,2', '85', 'Multi_saison', 'oui'),
(629, 'Avoine ', '367,0', '14,0', '66,5', '5,0', '40', 'Multi_saison', 'oui'),
(630, 'Biscotte ', '265,0', '6,8', '48,0', '4,4', '0', 'Multi_saison', 'oui'),
(631, 'Biscuit au beurre ', '475,0', '6,2', '60,3', '24,0', '55', 'Multi_saison', 'oui');
INSERT INTO `aliment` (`id_aliment`, `Aliment`, `calories`, `Protéines`, `Glucides`, `Lipides`, `IG`, `saison`, `healthy`) VALUES
(632, 'Biscuit au chocolat ', '491,0', '6,9', '60,4', '24,0', '65', 'Multi_saison', 'oui'),
(633, 'Biscuit de blé complet sans sucre ', '427,0', '10,0', '42,9', '21,0', '50', 'Multi_saison', 'oui'),
(634, 'Biscuit digestif ', '469,0', '6,3', '63,0', '20,3', '0', 'Multi_saison', 'oui'),
(635, 'Biscuit salé ', '468,0', '10,0', '49,0', '25,0', '70', 'Multi_saison', 'oui'),
(636, 'Blé soufflé ', '386,0', '8,0', '89,6', '2,0', '0', 'Multi_saison', 'oui'),
(637, 'Cannelloni ', '192,0', '11,2', '9,7', '12,0', '0', 'Multi_saison', 'oui'),
(638, 'Céréales au miel ', '366,0', '5,5', '77,6', '3,0', '70', 'Multi_saison', 'oui'),
(639, 'Céréales Frostis ', '355,0', '5,3', '88,6', '0,2', '85', 'Multi_saison', 'oui'),
(640, 'Céréales petit-déjeuner au blé sucré ', '385,0', '7,0', '84,0', '1,5', '70', 'Multi_saison', 'oui'),
(641, 'Céréales pour petit-déjeuner à base de blé et de fruits ', '367,0', '8,0', '71,0', '5,0', '0', 'Multi_saison', 'oui'),
(642, 'Céréales pour petit-déjeuner à base de blé et de miel ', '397,0', '5,7', '88,0', '1,6', '70', 'Multi_saison', 'oui'),
(643, 'Couscous ', '227,0', '5,0', '71,0', '1,0', '60', 'Multi_saison', 'oui'),
(644, 'Eko - malt ', '374,0', '6,0', '87,4', '0,1', '0', 'Multi_saison', 'oui'),
(645, 'Farine d\'avoine ', '388,0', '14,0', '66,0', '7,0', '0', 'Multi_saison', 'oui'),
(646, 'Farine d\'orge ', '350,0', '10,0', '72,0', '1,0', '0', 'Multi_saison', 'oui'),
(647, 'Farine de blé ', '341,0', '9,8', '70,6', '1,2', '85', 'Multi_saison', 'oui'),
(648, 'Farine de blé complet ', '322,0', '12,7', '58,2', '2,2', '45', 'Multi_saison', 'oui'),
(649, 'Farine de millet ', '354,0', '5,0', '75,0', '1,0', '0', 'Multi_saison', 'oui'),
(650, 'Fécule de blé ', '348,0', '0,4', '86,1', '0,1', '105', 'Multi_saison', 'oui'),
(651, 'Fécule de blé ', '333,0', '0,0', '82,0', '0,0', '0', 'Multi_saison', 'oui'),
(652, 'Flocons d\'avoine ', '353,0', '11,7', '55,7', '7,0', '40', 'Multi_saison', 'oui'),
(653, 'Gâteau ', '482,0', '7,0', '69,0', '19,0', '70', 'Multi_saison', 'oui'),
(654, 'Germe de blé ', '285,0', '26,0', '28,0', '9,0', '15', 'Multi_saison', 'oui'),
(655, 'Kamut - grains complet ', '321,0', '13,8', '68,2', '2,6', '40', 'Multi_saison', 'oui'),
(656, 'Levure de bière sèche ', '343,0', '47,0', '36,0', '4,0', '35', 'Multi_saison', 'oui'),
(657, 'Levure fraîche ', '74,0', '16,0', '0,0', '1,0', '0', 'Multi_saison', 'oui'),
(658, 'Macaronis ', '359,0', '12,7', '72,3', '1,5', '50', 'Multi_saison', 'oui'),
(659, 'Macaronis complets ', '321,0', '11,0', '65,0', '2,3', '40', 'Multi_saison', 'oui'),
(660, 'Mil ', '212,0', '6,0', '41,0', '2,0', '70', 'Multi_saison', 'oui'),
(661, 'Muesli sans sucre ', '365,0', '10,5', '63,0', '7,0', '50', 'Multi_saison', 'oui'),
(662, 'Muesli sucré ', '367,0', '10,5', '62,3', '6,7', '65', 'Multi_saison', 'oui'),
(663, 'Nouille ', '359,0', '12,7', '72,3', '1,5', '35', 'Multi_saison', 'oui'),
(664, 'Nouilles ', '359,0', '12,7', '72,3', '1,5', '40', 'Multi_saison', 'oui'),
(665, 'Nouilles très cuites ', '359,0', '12,7', '72,3', '1,5', '55', 'Multi_saison', 'oui'),
(666, 'Orge - complète ', '373,0', '10,4', '82,3', '1,4', '45', 'Multi_saison', 'oui'),
(667, 'Pain à l\'orge ', '247,0', '6,5', '53,0', '1,0', '0', 'Multi_saison', 'oui'),
(668, 'Pain à la farine de blé complet ', '232,0', '7,0', '40,7', '3,0', '40', 'Multi_saison', 'oui'),
(669, 'Pain au lait ', '364,0', '10,0', '47,0', '14,6', '60', 'Multi_saison', 'oui'),
(670, 'Pain blanc ', '260,0', '8,4', '51,5', '1,6', '85', 'Multi_saison', 'oui'),
(671, 'Pain de mie blanc ', '250,0', '7,7', '50,0', '1,3', '85', 'Multi_saison', 'oui'),
(672, 'Pain de mie complet ', '269,0', '11,0', '44,0', '4,0', '65', 'Multi_saison', 'oui'),
(673, 'Pain de Vienne ', '263,0', '9,3', '52,2', '3,3', '70', 'Multi_saison', 'oui'),
(674, 'Pain hamburger ', '271,0', '7,5', '47,5', '4,7', '85', 'Multi_saison', 'oui'),
(675, 'Pain wasa aux fibres ', '295,0', '13,0', '47,0', '6,5', '35', 'Multi_saison', 'oui'),
(676, 'Pâtes aux œufs ', '374,0', '12,3', '70,0', '4,2', '0', 'Multi_saison', 'oui'),
(677, 'Polenta ', '358,0', '8,7', '79,8', '2,7', '70', 'Multi_saison', 'oui'),
(678, 'Pop-corn ', '495,0', '6,2', '44,0', '30,0', '70', 'Multi_saison', 'oui'),
(679, 'Semoule de blé ', '350,0', '12,6', '69,0', '1,0', '65', 'Multi_saison', 'oui'),
(680, 'Son d\'avoine ', '383,0', '17,0', '58,9', '8,8', '15', 'Multi_saison', 'oui'),
(681, 'Son de blé ', '273,0', '15,5', '21,7', '4,2', '15', 'Multi_saison', 'oui'),
(682, 'Spaghetti al dente ', '359,0', '12,7', '72,3', '1,5', '40', 'Multi_saison', 'oui'),
(683, 'Spaghettis ', '359,0', '12,7', '72,3', '1,5', '0', 'Multi_saison', 'oui'),
(684, 'Spaghettis trop cuits ', '359,0', '12,7', '72,3', '1,5', '55', 'Multi_saison', 'oui'),
(685, 'Spirales ', '359,0', '12,7', '72,3', '1,5', '50', 'Multi_saison', 'oui'),
(686, 'Starlettes - pâtes alimentaires ', '359,0', '12,7', '72,3', '1,5', '0', 'Multi_saison', 'oui'),
(687, 'Anchois ', '142,0', '21,5', '0,5', '6,0', '0', 'Multi_saison', 'oui'),
(688, 'Anchois à l\'huile ', '255,0', '29,0', '0,3', '15,0', '0', 'Multi_saison', 'oui'),
(689, 'Anguille ', '281,0', '15,0', '0,0', '24,5', '0', 'Multi_saison', 'oui'),
(690, 'Anguilles fumées ', '350,0', '17,0', '0,0', '28,0', '0', 'Multi_saison', 'oui'),
(691, 'Araignée de mer ', '127,0', '20,0', '0,0', '5,2', '0', 'Multi_saison', 'oui'),
(692, 'Baleine ', '134,0', '23,0', '0,0', '3,0', '0', 'Multi_saison', 'oui'),
(693, 'Bar ', '98,0', '19,3', '0,0', '2,3', '0', 'Multi_saison', 'oui'),
(694, 'Bâtonnet de crabe ', '83,0', '12,5', '6,0', '1,0', '50', 'Multi_saison', 'oui'),
(695, 'Bigorneau cuit ', '74,0', '15,3', '0,0', '1,4', '0', 'Multi_saison', 'oui'),
(696, 'Brochet ', '81,0', '18,0', '0,0', '0,6', '0', 'Multi_saison', 'oui'),
(697, 'Calmar ', '80,0', '16,0', '0,7', '1,5', '0', 'Multi_saison', 'oui'),
(698, 'Calmar ', '91,0', '16,0', '3,1', '1,1', '5', 'Multi_saison', 'oui'),
(699, 'Carpe ', '114,0', '18,0', '0,0', '4,5', '0', 'Multi_saison', 'oui'),
(700, 'Carpe sauvage ', '90,0', '18,0', '0,0', '2,0', '0', 'Multi_saison', 'oui'),
(701, 'Carrelet ', '87,0', '20,8', '0,0', '0,4', '0', 'Multi_saison', 'oui'),
(702, 'Caviar ', '245,0', '26,0', '0,0', '15,5', '0', 'Multi_saison', 'oui'),
(703, 'Chabot ', '116,0', '16,5', '0,0', '5,4', '0', 'Multi_saison', 'oui'),
(704, 'Chapardage ', '87,0', '19,9', '0,0', '0,8', '0', 'Multi_saison', 'oui'),
(705, 'Chicharro ', '115,0', '20,0', '0,8', '3,8', '0', 'Multi_saison', 'oui'),
(706, 'Chinchard ', '117,0', '19,8', '0,8', '4,0', '0', 'Multi_saison', 'oui'),
(707, 'Choco ', '72,0', '16,1', '0,0', '0,9', '0', 'Multi_saison', 'oui'),
(708, 'Civelle ', '205,0', '16,3', '0,0', '15,5', '0', 'Multi_saison', 'oui'),
(709, 'Congre ', '107,0', '19,0', '1,4', '3,0', '0', 'Multi_saison', 'oui'),
(710, 'Coq ', '81,0', '16,0', '0,0', '2,0', '0', 'Multi_saison', 'oui'),
(711, 'Coque ', '76,0', '17,0', '1,5', '0,3', '5', 'Multi_saison', 'oui'),
(712, 'Coque du ventilateur ', '96,0', '15,9', '0,0', '1,8', '0', 'Multi_saison', 'oui'),
(713, 'Coquille Saint-Jacques ', '81,0', '15,5', '2,8', '0,9', '5', 'Multi_saison', 'oui'),
(714, 'Crevette ', '88,0', '18,0', '0,0', '1,8', '0', 'Multi_saison', 'oui'),
(715, 'Crevette ', '75,0', '17,5', '0,0', '0,5', '0', 'Multi_saison', 'oui'),
(716, 'Crevette ', '76,0', '17,6', '0,0', '0,6', '0', 'Multi_saison', 'oui'),
(717, 'Crevette rouge ', '88,0', '18,0', '0,0', '1,8', '0', 'Multi_saison', 'oui'),
(718, 'Crevette rouge géante ', '115,0', '23,9', '0,9', '1,7', '5', 'Multi_saison', 'oui'),
(719, 'Daurade ', '92,0', '18,0', '1,2', '5,9', '0', 'Multi_saison', 'oui'),
(720, 'Dentex - carapelo ', '103,0', '22,4', '0,0', '1,5', '0', 'Multi_saison', 'oui'),
(721, 'Dorade ', '88,0', '18,0', '0,0', '1,8', '0', 'Multi_saison', 'oui'),
(722, 'Églefin ', '74,0', '16,6', '0,0', '0,8', '0', 'Multi_saison', 'oui'),
(723, 'Encre de seiche ', '0,0', '0,0', '0,0', '0,0', '0', 'Multi_saison', 'oui'),
(724, 'Espadon ', '117,0', '19,3', '0,0', '4,4', '0', 'Multi_saison', 'oui'),
(725, 'Étourneau - maquereau ', '122,0', '21,8', '0,0', '3,9', '0', 'Multi_saison', 'oui'),
(726, 'Flétan ', '84,0', '17,5', '0,5', '1,0', '0', 'Multi_saison', 'oui'),
(727, 'Flétan ', '110,0', '20,0', '0,0', '2,0', '0', 'Multi_saison', 'oui'),
(728, 'Gambas ', '104,0', '24,3', '0,0', '0,8', '5', 'Multi_saison', 'oui'),
(729, 'Gra0e castagnole ', '116,0', '16,6', '0,0', '5,5', '0', 'Multi_saison', 'oui'),
(730, 'Grattons ', '535,0', '19,5', '0,2', '50,0', '0', 'Multi_saison', 'oui'),
(731, 'Hareng ', '233,0', '18,0', '0,0', '17,8', '0', 'Multi_saison', 'oui'),
(732, 'Hareng fumé ', '211,0', '22,2', '0,0', '12,9', '0', 'Multi_saison', 'oui'),
(733, 'Hareng sec ', '122,0', '17,0', '0,0', '6,0', '0', 'Multi_saison', 'oui'),
(734, 'Homard ', '84,0', '17,0', '1,3', '1,0', '5', 'Multi_saison', 'oui'),
(735, 'Homard ', '83,0', '16,0', '0,7', '1,9', '5', 'Multi_saison', 'oui'),
(736, 'Huître ', '66,0', '9,0', '4,8', '1,2', '0', 'Multi_saison', 'oui'),
(737, 'Langustine ', '85,0', '17,7', '0,5', '1,5', '5', 'Multi_saison', 'oui'),
(738, 'Lotte ', '65,0', '14,8', '0,0', '0,5', '0', 'Multi_saison', 'oui'),
(739, 'Maigre ', '115,0', '19,5', '0,0', '4,0', '0', 'Multi_saison', 'oui'),
(740, 'Maquereau ', '182,0', '18,6', '0,0', '12,0', '0', 'Multi_saison', 'oui'),
(741, 'Maquereau à l\'huile ', '217,0', '22,5', '0,5', '14,0', '0', 'Multi_saison', 'oui'),
(742, 'Maquereau fumé ', '238,0', '20,0', '0,0', '15,0', '0', 'Multi_saison', 'oui'),
(743, 'Merlan ', '74,0', '16,6', '0,0', '1,0', '0', 'Multi_saison', 'oui'),
(744, 'Merlan ', '84,0', '17,5', '0,0', '1,6', '0', 'Multi_saison', 'oui'),
(745, 'Merlan bleu ', '84,0', '17,5', '0,0', '1,6', '0', 'Multi_saison', 'oui'),
(746, 'Merlan congelé ', '54,0', '11,8', '0,0', '0,8', '0', 'Multi_saison', 'oui'),
(747, 'Merlu ', '64,0', '12,0', '0,0', '1,8', '0', 'Multi_saison', 'oui'),
(748, 'Merlu congelé ', '81,0', '16,0', '0,0', '2,0', '0', 'Multi_saison', 'oui'),
(749, 'Mérou ', '118,0', '16,0', '0,0', '6,0', '0', 'Multi_saison', 'oui'),
(750, 'Mila0re ', '82,0', '18,7', '0,0', '0,9', '0', 'Multi_saison', 'oui'),
(751, 'Morue fraîche ', '76,0', '17,6', '0,0', '0,6', '0', 'Multi_saison', 'oui'),
(752, 'Morue salée ', '315,0', '75,0', '0,0', '1,7', '0', 'Multi_saison', 'oui'),
(753, 'Moule ', '68,0', '10,0', '2,3', '2,0', '5', 'Multi_saison', 'oui'),
(754, 'Moules sans coquille ', '92,0', '13,0', '3,7', '2,3', '0', 'Multi_saison', 'oui'),
(755, 'Pageot commun ', '89,0', '18,8', '0,0', '1,6', '0', 'Multi_saison', 'oui'),
(756, 'Palourde ', '76,0', '15,5', '1,5', '1,0', '5', 'Multi_saison', 'oui'),
(757, 'Palourdes ', '130,0', '23,2', '4,7', '1,3', '5', 'Multi_saison', 'oui'),
(758, 'Patelles ', '86,0', '18,5', '0,9', '0,4', '5', 'Multi_saison', 'oui'),
(759, 'Pejerrey ', '106,0', '19,6', '0,0', '2,4', '0', 'Multi_saison', 'oui'),
(760, 'Pijota ', '64,0', '12,0', '0,0', '2,0', '0', 'Multi_saison', 'oui'),
(761, 'Plie ', '80,0', '17,1', '0,0', '0,8', '0', 'Multi_saison', 'oui'),
(762, 'Plie grillée ', '159,0', '22,0', '2,0', '7,0', '0', 'Multi_saison', 'oui'),
(763, 'Pouce-pied ', '66,0', '15,7', '0,0', '0,4', '0', 'Multi_saison', 'oui'),
(764, 'Poulpe ', '84,0', '18,0', '0,0', '1,5', '0', 'Multi_saison', 'oui'),
(765, 'Praire ', '77,0', '15,4', '1,5', '1,0', '0', 'Multi_saison', 'oui'),
(766, 'Queue de homard ', '112,0', '9,0', '0,0', '0,0', '0', 'Multi_saison', 'oui'),
(767, 'Raie ', '97,0', '20,5', '0,8', '1,2', '0', 'Multi_saison', 'oui'),
(768, 'Rouget ', '109,0', '19,0', '0,0', '3,8', '0', 'Multi_saison', 'oui'),
(769, 'Sardine ', '157,0', '18,0', '0,0', '9,5', '0', 'Multi_saison', 'oui'),
(770, 'Sardine à l\'huile ', '205,0', '24,0', '0,0', '12,0', '0', 'Multi_saison', 'oui'),
(771, 'Sardine marinée ', '132,0', '15,0', '0,8', '7,5', '0', 'Multi_saison', 'oui'),
(772, 'Sargue ', '95,0', '19,7', '0,0', '1,8', '0', 'Multi_saison', 'oui'),
(773, 'Saumon ', '191,0', '20,6', '0,0', '12,0', '0', 'Multi_saison', 'oui'),
(774, 'Saumon fumé ', '140,0', '25,4', '0,0', '4,0', '0', 'Multi_saison', 'oui'),
(775, 'Seiche ', '82,0', '16,2', '0,7', '1,4', '0', 'Multi_saison', 'oui'),
(776, 'Seiche ', '72,0', '16,1', '0,0', '0,9', '0', 'Multi_saison', 'oui'),
(777, 'Sole ', '84,0', '17,5', '0,5', '1,3', '0', 'Multi_saison', 'oui'),
(778, 'Substitut de caviar ', '118,0', '14,0', '0,0', '6,5', '0', 'Multi_saison', 'oui'),
(779, 'Surimi ', '83,0', '12,6', '6,0', '0,9', '50', 'Multi_saison', 'oui'),
(780, 'Tanche ', '82,0', '17,7', '0,0', '0,7', '0', 'Multi_saison', 'oui'),
(781, 'Thon ', '226,0', '21,0', '0,0', '15,5', '0', 'Multi_saison', 'oui'),
(782, 'Thon ', '134,0', '24,8', '0,0', '4,0', '0', 'Multi_saison', 'oui'),
(783, 'Thon à l\'huile ', '208,0', '25,0', '0,0', '12,0', '0', 'Multi_saison', 'oui'),
(784, 'Thon à l\'huile ', '205,0', '25,0', '0,0', '11,5', '0', 'Multi_saison', 'oui'),
(785, 'Thon nature ', '99,0', '25,0', '0,0', '0,4', '0', 'Multi_saison', 'oui'),
(786, 'Tiède ', '110,0', '20,8', '0,0', '3,3', '0', 'Multi_saison', 'oui'),
(787, 'Tilapia ', '96,0', '20,1', '0,0', '1,7', '0', 'Multi_saison', 'oui'),
(788, 'Tortue ', '82,0', '17,0', '0,0', '0,0', '0', 'Multi_saison', 'oui'),
(789, 'Tourteau ', '124,0', '19,5', '0,0', '5,0', '0', 'Multi_saison', 'oui'),
(790, 'Tourteau ', '125,0', '19,5', '0,0', '5,0', '5', 'Multi_saison', 'oui'),
(791, 'Truite ', '135,0', '18,7', '0,0', '6,7', '0', 'Multi_saison', 'oui'),
(792, 'Turbot ', '82,0', '16,5', '0,0', '1,7', '0', 'Multi_saison', 'oui'),
(793, 'Zamburiñas ', '78,0', '15,4', '1,5', '1,0', '5', 'Multi_saison', 'oui'),
(794, 'Œufs d\'esturgeon ', '245,0', '26,0', '0,0', '15,5', '0', 'Multi_saison', 'oui'),
(795, 'Blanc d\'œuf ', '49,0', '11,0', '0,7', '0,1', '0', 'Multi_saison', 'oui'),
(796, 'Bleu (fromage) ', '355,0', '21,0', '0,0', '30,0', '0', 'Multi_saison', 'oui'),
(797, 'Brie ', '345,0', '22,6', '0,1', '27,9', '0', 'Multi_saison', 'oui'),
(798, 'Camembert ', '285,0', '20,9', '0,1', '22,3', '0', 'Multi_saison', 'oui'),
(799, 'Cheddar ', '397,0', '25,3', '0,3', '32,2', '0', 'Multi_saison', 'oui'),
(800, 'Crème - crème de lait ', '447,0', '15,0', '2,0', '48,2', '0', 'Multi_saison', 'oui'),
(801, 'Crème aigre ', '192,0', '2,0', '3,0', '18,0', '0', 'Multi_saison', 'oui'),
(802, 'Crème anglaise ', '102,0', '3,7', '15,4', '2,9', '0', 'Multi_saison', 'oui'),
(803, 'Crème au chocolat ', '129,0', '4,2', '19,0', '4,0', '0', 'Multi_saison', 'oui'),
(804, 'Emmental ', '398,0', '28,9', '0,0', '31,0', '0', 'Multi_saison', 'oui'),
(805, 'Feta ', '250,0', '17,0', '1,9', '18,1', '30', 'Multi_saison', 'oui'),
(806, 'Flan aux œufs ', '144,0', '5,0', '20,5', '4,5', '0', 'Multi_saison', 'oui'),
(807, 'Flan vanille ', '120,0', '3,0', '24,0', '1,6', '0', 'Multi_saison', 'oui'),
(808, 'Fromage à boule ', '329,0', '25,5', '0,8', '25,0', '0', 'Multi_saison', 'oui'),
(809, 'Fromage à la crème ', '342,0', '5,9', '4,0', '34,2', '30', 'Multi_saison', 'oui'),
(810, 'Fromage à raclette ', '356,0', '25,6', '0,0', '28,3', '0', 'Multi_saison', 'oui'),
(811, 'Fromage américain - jaune ', '371,0', '18,0', '3,7', '32,0', '30', 'Multi_saison', 'oui'),
(812, 'Fromage aracena ', '390,0', '21,8', '0,0', '33,8', '0', 'Multi_saison', 'oui'),
(813, 'Fromage arzúa ', '397,0', '22,2', '2,0', '34,5', '0', 'Multi_saison', 'oui'),
(814, 'Fromage aux baies ', '185,0', '11,1', '0,0', '15,6', '0', 'Multi_saison', 'oui'),
(815, 'Fromage blanc écrémé - écrémé ', '70,0', '10,0', '3,1', '1,6', '30', 'Multi_saison', 'oui'),
(816, 'Fromage cantabrique ', '356,0', '21,5', '0,0', '30,1', '0', 'Multi_saison', 'oui'),
(817, 'Fromage casin ', '368,0', '23,0', '0,0', '30,8', '0', 'Multi_saison', 'oui'),
(818, 'Fromage cebreiro ', '258,0', '14,8', '0,0', '22,2', '0', 'Multi_saison', 'oui'),
(819, 'Fromage Chester ', '400,0', '29,0', '2,0', '30,0', '30', 'Multi_saison', 'oui'),
(820, 'Fromage cottage ', '98,0', '11,0', '3,4', '4,3', '30', 'Multi_saison', 'oui'),
(821, 'Fromage cottage ', '101,0', '12,3', '3,3', '4,3', '30', 'Multi_saison', 'oui'),
(822, 'Fromage d\'Idiazabal ', '443,0', '23,3', '0,0', '39,0', '0', 'Multi_saison', 'oui'),
(823, 'Fromage Dambo ', '356,0', '26,0', '0,0', '28,0', '0', 'Multi_saison', 'oui'),
(824, 'Fromage de brebis ', '380,0', '28,2', '0,0', '29,5', '0', 'Multi_saison', 'oui'),
(825, 'Fromage de brebis affiné ', '424,0', '24,0', '2,0', '35,0', '0', 'Multi_saison', 'oui'),
(826, 'Fromage de brebis et de chèvre ', '406,0', '21,7', '0,0', '35,7', '0', 'Multi_saison', 'oui'),
(827, 'Fromage de brebis et de vache ', '410,0', '22,6', '0,0', '35,7', '0', 'Multi_saison', 'oui'),
(828, 'Fromage de brebis et de vache à pâte mi-séché ', '372,0', '25,0', '0,5', '30,0', '0', 'Multi_saison', 'oui'),
(829, 'Fromage de brebis, de vache et de chèvre ', '413,0', '23,5', '0,0', '35,7', '0', 'Multi_saison', 'oui'),
(830, 'Fromage de Burgos ', '203,0', '14,0', '2,5', '15,0', '30', 'Multi_saison', 'oui'),
(831, 'Fromage de cabrales ', '392,0', '21,5', '0,0', '34,0', '0', 'Multi_saison', 'oui'),
(832, 'Fromage de Cadix ', '308,0', '16,9', '0,0', '26,8', '0', 'Multi_saison', 'oui'),
(833, 'Fromage de chèvre ', '291,0', '20,0', '1,0', '23,0', '0', 'Multi_saison', 'oui'),
(834, 'Fromage de chèvre à pâte molle ', '208,0', '11,0', '1,0', '17,6', '0', 'Multi_saison', 'oui'),
(835, 'Fromage de chèvre affiné ', '467,0', '27,6', '0,0', '39,6', '0', 'Multi_saison', 'oui'),
(836, 'Fromage de chèvre frais ', '298,0', '19,8', '1,1', '23,9', '0', 'Multi_saison', 'oui'),
(837, 'Fromage de chèvre semi-sec ', '326,0', '18,5', '0,0', '28,0', '0', 'Multi_saison', 'oui'),
(838, 'Fromage de Neufchatel ', '253,0', '9,0', '3,6', '23,0', '30', 'Multi_saison', 'oui'),
(839, 'Fromage Edam ', '357,0', '25,0', '1,4', '27,8', '0', 'Multi_saison', 'oui'),
(840, 'Fromage fo0u ', '285,0', '10,0', '2,9', '25,9', '30', 'Multi_saison', 'oui'),
(841, 'Fromage fontina ', '369,0', '27,0', '0,0', '29,0', '0', 'Multi_saison', 'oui'),
(842, 'Fromage frais écrémé ', '68,0', '10,5', '3,2', '1,6', '30', 'Multi_saison', 'oui'),
(843, 'Fromage fumé ', '408,0', '25,7', '0,0', '34,0', '0', 'Multi_saison', 'oui'),
(844, 'Fromage galicien ', '330,0', '19,4', '0,0', '28,0', '0', 'Multi_saison', 'oui'),
(845, 'Fromage gaztazarra ', '328,0', '18,4', '0,0', '28,5', '0', 'Multi_saison', 'oui'),
(846, 'Fromage grazalema ', '376,0', '21,8', '0,0', '32,3', '0', 'Multi_saison', 'oui'),
(847, 'Fromage Halloumi ', '284,0', '19,5', '2,5', '22,0', '30', 'Multi_saison', 'oui'),
(848, 'Fromage herreño ', '367,0', '24,0', '0,0', '30,2', '0', 'Multi_saison', 'oui'),
(849, 'Fromage holla0ais ', '245,0', '16,5', '0,0', '20,0', '0', 'Multi_saison', 'oui'),
(850, 'Fromage Ibores ', '402,0', '23,9', '0,0', '34,3', '0', 'Multi_saison', 'oui'),
(851, 'Fromage Maasdam ', '356,0', '26,0', '0,0', '27,0', '0', 'Multi_saison', 'oui'),
(852, 'Fromage Mahon ', '406,0', '24,9', '0,0', '34,3', '0', 'Multi_saison', 'oui'),
(853, 'Fromage majorero ', '360,0', '25,6', '0,0', '28,7', '0', 'Multi_saison', 'oui'),
(854, 'Fromage manchego ', '406,0', '26,0', '0,0', '33,5', '0', 'Multi_saison', 'oui'),
(855, 'Fromage Manchego à l\'huile ', '471,0', '26,5', '0,0', '40,0', '0', 'Multi_saison', 'oui'),
(856, 'Fromage manchego affiné ', '476,0', '38,0', '0,5', '35,0', '0', 'Multi_saison', 'oui'),
(857, 'Fromage paria ', '298,0', '19,2', '0,0', '24,5', '0', 'Multi_saison', 'oui'),
(858, 'Fromage pasiego ', '296,0', '14,9', '0,0', '26,4', '0', 'Multi_saison', 'oui'),
(859, 'Fromage pedrocheese ', '339,0', '24,2', '0,0', '27,0', '0', 'Multi_saison', 'oui'),
(860, 'Fromage peñamellera ', '365,0', '23,2', '0,0', '30,3', '0', 'Multi_saison', 'oui'),
(861, 'Fromage picón ', '386,0', '22,7', '0,0', '33,0', '0', 'Multi_saison', 'oui'),
(862, 'Fromage porrúa ', '381,0', '23,7', '0,0', '32,0', '0', 'Multi_saison', 'oui'),
(863, 'Fromage quartzirolo ', '273,0', '21,0', '0,0', '21,0', '0', 'Multi_saison', 'oui'),
(864, 'Fromage râpé ', '427,0', '42,5', '0,0', '28,5', '0', 'Multi_saison', 'oui'),
(865, 'Fromage San Simón ', '443,0', '26,1', '0,0', '37,8', '0', 'Multi_saison', 'oui'),
(866, 'Fromage serrat ', '411,0', '23,1', '0,0', '35,6', '0', 'Multi_saison', 'oui'),
(867, 'Fromage servilleta ', '324,0', '22,1', '0,0', '26,3', '0', 'Multi_saison', 'oui'),
(868, 'Fromage Stilton ', '389,0', '21,0', '2,0', '33,0', '0', 'Multi_saison', 'oui'),
(869, 'Fromage suisse ', '380,0', '26,9', '5,4', '27,8', '30', 'Multi_saison', 'oui'),
(870, 'Fromage te0re de vache et de brebis ', '346,0', '23,0', '0,5', '28,0', '0', 'Multi_saison', 'oui'),
(871, 'Fromage tetilla ', '399,0', '22,0', '0,0', '34,5', '0', 'Multi_saison', 'oui'),
(872, 'Fromage tiétar ', '398,0', '21,4', '0,0', '35,0', '0', 'Multi_saison', 'oui'),
(873, 'Fromage Torta del Casar ', '399,0', '26,3', '0,0', '32,6', '0', 'Multi_saison', 'oui'),
(874, 'Fromage tupí ', '609,0', '19,2', '0,0', '59,8', '0', 'Multi_saison', 'oui'),
(875, 'Fromage Villalón ', '491,0', '17,5', '1,9', '46,0', '30', 'Multi_saison', 'oui'),
(876, 'Fromage Zamorano ', '484,0', '26,7', '0,0', '42,1', '0', 'Multi_saison', 'oui'),
(877, 'Gorgonzola ', '376,0', '18,8', '0,0', '29,6', '0', 'Multi_saison', 'oui'),
(878, 'Gouda ', '334,0', '25,5', '0,0', '25,4', '0', 'Multi_saison', 'oui'),
(879, 'Gruyère ', '399,0', '26,9', '0,0', '32,0', '0', 'Multi_saison', 'oui'),
(880, 'Jaune d\'œuf ', '353,0', '16,0', '0,2', '32,0', '0', 'Multi_saison', 'oui'),
(881, 'Kéfir ', '66,0', '3,3', '4,8', '3,5', '35', 'Multi_saison', 'oui'),
(882, 'Lactosérum ', '36,0', '3,0', '4,0', '0,0', '30', 'Multi_saison', 'oui'),
(883, 'Lait concentré ', '336,0', '8,5', '52,8', '10,1', '0', 'Multi_saison', 'oui'),
(884, 'Lait co0ensé sans sucre ', '160,0', '8,0', '10,9', '9,3', '30', 'Multi_saison', 'oui'),
(885, 'Lait de brebis ', '96,0', '5,2', '4,7', '6,2', '0', 'Multi_saison', 'oui'),
(886, 'Lait de chèvre ', '68,0', '3,7', '4,3', '3,9', '0', 'Multi_saison', 'oui'),
(887, 'Lait de merengue ', '84,0', '3,0', '10,7', '3,2', '0', 'Multi_saison', 'oui'),
(888, 'Lait de vache demi-écrémé ', '47,0', '2,8', '4,3', '1,6', '30', 'Multi_saison', 'oui'),
(889, 'Lait de vache écrémé en poudre ', '358,0', '36,1', '50,3', '0,6', '30', 'Multi_saison', 'oui'),
(890, 'Lait demi-écrémé en poudre ', '445,0', '29,8', '43,9', '16,2', '30', 'Multi_saison', 'oui'),
(891, 'Lait écrémé co0ensé écrémé concentré sucré ', '282,0', '10,0', '60,0', '0,2', '0', 'Multi_saison', 'oui'),
(892, 'Lait écrémé de vache ', '32,0', '3,4', '4,7', '0,1', '30', 'Multi_saison', 'oui'),
(893, 'Lait entier concentré ', '151,0', '8,4', '8,0', '9,4', '0', 'Multi_saison', 'oui'),
(894, 'Lait entier de vache ', '65,0', '3,2', '4,6', '3,9', '30', 'Multi_saison', 'oui'),
(895, 'Lait entier en poudre ', '490,0', '25,2', '38,1', '26,2', '30', 'Multi_saison', 'oui'),
(896, 'Lait maternel ', '69,0', '1,3', '7,2', '4,1', '0', 'Multi_saison', 'oui'),
(897, 'Mozzarella ', '233,0', '19,9', '1,0', '16,1', '0', 'Multi_saison', 'oui'),
(898, 'Munster ', '333,0', '19,1', '0,0', '28,7', '0', 'Multi_saison', 'oui'),
(899, 'Oeuf de di0e ', '165,0', '13,7', '0,0', '12,2', '0', 'Multi_saison', 'oui'),
(900, 'Parmesan ', '375,0', '35,6', '0,0', '25,8', '0', 'Multi_saison', 'oui'),
(901, 'Portions de fromage ', '310,0', '18,0', '2,5', '25,5', '0', 'Multi_saison', 'oui'),
(902, 'Provolone piquant ', '430,0', '25,7', '0,5', '36,2', '0', 'Multi_saison', 'oui'),
(903, 'Ricotta ', '185,0', '14,5', '2,5', '13,0', '30', 'Multi_saison', 'oui'),
(904, 'Ricotta écrémé ', '105,0', '13,0', '2,0', '5,0', '30', 'Multi_saison', 'oui'),
(905, 'Roquefort ', '370,0', '21,5', '0,0', '30,6', '0', 'Multi_saison', 'oui'),
(906, 'Yaourt écrémé aux fruits ', '70,0', '3,8', '13,0', '0,2', '35', 'Multi_saison', 'oui'),
(907, 'Yaourt écrémé nature ', '47,0', '4,2', '6,3', '0,3', '35', 'Multi_saison', 'oui'),
(908, 'Yaourt grec ', '139,0', '6,4', '5,3', '10,2', '35', 'Multi_saison', 'oui'),
(909, 'Yaourt grec à la mangue ', '132,0', '2,8', '15,4', '6,5', '0', 'Multi_saison', 'oui'),
(910, 'Yaourt grec écrémé à la vanille - FAGE Fruyo ', '66,0', '8,5', '7,9', '0,0', '0', 'Multi_saison', 'oui'),
(911, 'Yaourt liquide sucré ', '69,0', '3,0', '11,6', '1,2', '0', 'Multi_saison', 'oui'),
(912, 'Yaourt nature entier ', '64,0', '3,9', '5,5', '2,6', '35', 'Multi_saison', 'oui'),
(913, 'Œuf au plat ', '232,0', '14,0', '0,2', '20,0', '0', 'Multi_saison', 'oui'),
(914, 'Œuf de canard ', '184,0', '13,0', '0,7', '14,4', '0', 'Multi_saison', 'oui'),
(915, 'Œuf de poule ', '162,0', '12,6', '0,6', '12,0', '0', 'Multi_saison', 'oui'),
(916, 'Œuf dur ', 'Multi_saison', 'Multi_saison', 'Multi_saison', 'Multi_saison', 'Multi_saison', 'Multi_saison', 'oui'),
(917, 'Beurre ', '897,0', '0,2', '0,0', '99,5', '0', 'Multi_saison', 'oui'),
(918, 'Beurre clarifié ou Ghee ', '876,0', '0,2', '0,0', '99,5', '0', 'Multi_saison', 'oui'),
(919, 'Beurre salé ', '735,0', '0,8', '0,0', '81,0', '0', 'Multi_saison', 'oui'),
(920, 'Graisse d\'oie ', '898,0', '0,0', '0,0', '99,5', '0', 'Multi_saison', 'oui'),
(921, 'Graisse de baleine ', '945,0', '0,0', '0,0', '99,0', '0', 'Multi_saison', 'oui'),
(922, 'Graisse de mouton ', '750,0', '3,9', '0,0', '81,3', '0', 'Multi_saison', 'oui'),
(923, 'Graisse de vache ', '874,0', '0,8', '0,0', '96,5', '0', 'Multi_saison', 'oui'),
(924, 'Huile d\'arachide ', '900,0', '0,0', '0,0', '100,0', '0', 'Multi_saison', 'oui'),
(925, 'Huile d\'olive ', '899,0', '0,0', '0,0', '99,9', '0', 'Multi_saison', 'oui'),
(926, 'Huile de carthame ', '900,0', '0,0', '0,0', '100,0', '0', 'Multi_saison', 'oui'),
(927, 'Huile de coco ', '900,0', '0,0', '0,0', '100,0', '0', 'Multi_saison', 'oui'),
(928, 'Huile de colza ', '900,0', '0,0', '0,0', '100,0', '0', 'Multi_saison', 'oui'),
(929, 'Huile de coton ', '888,0', '0,0', '0,0', '100,0', '0', 'Multi_saison', 'oui'),
(930, 'Huile de foie de morue ', '899,0', '0,0', '0,0', '99,9', '0', 'Multi_saison', 'oui'),
(931, 'Huile de germe de blé ', '879,0', '0,0', '0,0', '99,5', '0', 'Multi_saison', 'oui'),
(932, 'Huile de noix ', '879,0', '0,0', '0,0', '99,5', '0', 'Multi_saison', 'oui'),
(933, 'Huile de palme ', '899,0', '0,0', '0,0', '99,9', '0', 'Multi_saison', 'oui'),
(934, 'Huile de sésame ', '896,0', '0,0', '0,0', '99,0', '0', 'Multi_saison', 'oui'),
(935, 'Huile de tournesol ', '899,0', '0,0', '0,0', '99,9', '0', 'Multi_saison', 'oui'),
(936, 'Margarine ', '720,0', '0,2', '0,5', '80,0', '0', 'Multi_saison', 'oui'),
(937, 'Sai0oux ', '891,0', '0,0', '0,0', '99,0', '0', 'Multi_saison', 'oui'),
(938, 'Beignet ', '408,0', '6,3', '51,6', '20,1', '75', 'Multi_saison', 'oui'),
(939, 'Beignet type donut ', '460,0', '6,1', '46,0', '27,0', '0', 'Multi_saison', 'oui'),
(940, 'Beignets frits ', '387,0', '5,4', '52,2', '17,4', '0', 'Multi_saison', 'oui'),
(941, 'Beurre d\'arachide ', '499,0', '9,4', '54,4', '27,1', '0', 'Multi_saison', 'oui'),
(942, 'Boudoirs ', '316,0', '9,6', '57,7', '5,2', '0', 'Multi_saison', 'oui'),
(943, 'Caramel ', '382,0', '0,4', '96,0', '0,0', '70', 'Multi_saison', 'oui'),
(944, 'Cassonade ', '390,0', '0,0', '97,8', '0,0', '70', 'Multi_saison', 'oui'),
(945, 'Chewing-gum sucrés ', '310,0', '0,0', '95,2', '0,0', '70', 'Multi_saison', 'oui'),
(946, 'Chocolat au lait ', '537,0', '10,0', '54,1', '31,0', '70', 'Multi_saison', 'oui'),
(947, 'Chocolat blanc ', '550,0', '8,0', '59,0', '31,0', '0', 'Multi_saison', 'oui'),
(948, 'Chocolat en poudre ', '425,0', '5,5', '85,0', '6,0', '60', 'Multi_saison', 'oui'),
(949, 'Chocolat pur ', '510,0', '5,3', '47,0', '30,0', '20', 'Multi_saison', 'oui'),
(950, 'Churros ', '361,0', '4,6', '40,0', '20,0', '0', 'Multi_saison', 'oui'),
(951, 'Colacao ', '361,0', '6,8', '78,0', '2,4', '60', 'Multi_saison', 'oui'),
(952, 'Colacao light ', '315,0', '18,8', '51,5', '5,5', '60', 'Multi_saison', 'oui'),
(953, 'Confiture ', '250,0', '0,3', '59,6', '0,5', '65', 'Multi_saison', 'oui'),
(954, 'Confiture de canneberges ', '243,0', '0,3', '60,4', '0,0', '65', 'Multi_saison', 'oui'),
(955, 'Confiture sans sucre ', '33,0', '0,8', '6,0', '0,0', '30', 'Multi_saison', 'oui'),
(956, 'Coupe de chocolat et crème ', '138,0', '3,2', '21,0', '4,3', '0', 'Multi_saison', 'oui'),
(957, 'Crème catalane ', '103,0', '3,7', '15,4', '3,0', '0', 'Multi_saison', 'oui'),
(958, 'Crème d\'ama0es sans sucre ', '377,0', '4,6', '50,0', '13,2', '35', 'Multi_saison', 'oui'),
(959, 'Crème d\'ama0es sucrée ', '377,0', '4,6', '59,7', '13,2', '0', 'Multi_saison', 'oui'),
(960, 'Crème de cacao et noisettes ', '550,0', '6,2', '56,0', '33,0', '55', 'Multi_saison', 'oui'),
(961, 'Crème fouettée au sucre ', '308,0', '2,3', '3,2', '31,7', '0', 'Multi_saison', 'oui'),
(962, 'Crème glacée ', '211,0', '3,9', '24,4', '10,8', '60', 'Multi_saison', 'oui'),
(963, 'Crème glacée ', '177,0', '4,0', '21,0', '8,6', '60', 'Multi_saison', 'oui'),
(964, 'Crème glacée au fructose ', '177,0', '4,0', '21,0', '8,6', '35', 'Multi_saison', 'oui'),
(965, 'Crème pâtissière ', '172,0', '5,5', '24,0', '6,0', '0', 'Multi_saison', 'oui'),
(966, 'Croisant ', '445,0', '7,0', '52,6', '22,5', '60', 'Multi_saison', 'oui'),
(967, 'Croissant au chocolat ', '460,0', '5,5', '74,0', '15,0', '0', 'Multi_saison', 'oui'),
(968, 'Dessert à la coco ', '190,0', '4,7', '52,3', '19,0', '0', 'Multi_saison', 'oui'),
(969, 'Donut au chocolat ', '500,0', '3,7', '43,0', '32,0', '75', 'Multi_saison', 'oui'),
(970, 'Ensaimada ', '469,0', '6,4', '65,5', '22,0', '0', 'Multi_saison', 'oui'),
(971, 'Fructose ', '399,0', '0,0', '99,8', '0,0', '20', 'Multi_saison', 'oui'),
(972, 'Gâteau ', '347,0', '6,0', '68,4', '5,2', '0', 'Multi_saison', 'oui'),
(973, 'Gâteau au chocolat ', '455,0', '7,5', '48,0', '26,4', '0', 'Multi_saison', 'oui'),
(974, 'Gâteau au chocolat ', '445,0', '5,3', '41,9', '27,9', '0', 'Multi_saison', 'oui'),
(975, 'Gâteau aux fruits ', '393,0', '5,0', '57,9', '14,8', '0', 'Multi_saison', 'oui'),
(976, 'Gâteaux au thé ', '456,0', '5,6', '79,1', '15,2', '70', 'Multi_saison', 'oui'),
(977, 'Glace - sorbet ', '134,0', '1,0', '29,5', '1,3', '65', 'Multi_saison', 'oui'),
(978, 'Glace au chocolat ', '228,0', '3,8', '28,2', '11,0', '60', 'Multi_saison', 'oui'),
(979, 'Glace sans sucre - sorbet ', '134,0', '1,0', '29,5', '1,3', '40', 'Multi_saison', 'oui'),
(980, 'Macarons à la vanille ', '386,0', '9,8', '61,0', '11,0', '0', 'Multi_saison', 'oui'),
(981, 'Macarons au caramel ', '379,0', '9,0', '60,0', '11,0', '0', 'Multi_saison', 'oui'),
(982, 'Macarons aux fruits des bois ', '370,0', '9,6', '55,0', '11,0', '0', 'Multi_saison', 'oui'),
(983, 'Madeleine ', '353,0', '7,8', '49,5', '13,2', '0', 'Multi_saison', 'oui'),
(984, 'Miel ', '300,0', '0,3', '75,0', '0,0', '60', 'Multi_saison', 'oui'),
(985, 'Milk-shake au chocolat ', '84,0', '2,7', '10,0', '3,7', '0', 'Multi_saison', 'oui'),
(986, 'Millefeuille ', '290,0', '4,7', '33,0', '17,0', '0', 'Multi_saison', 'oui'),
(987, 'Mousse au chocolat ', '247,0', '5,1', '37,8', '8,1', '0', 'Multi_saison', 'oui'),
(988, 'Muffins ', '294,0', '7,8', '42,3', '10,1', '0', 'Multi_saison', 'oui'),
(989, 'Nougat aux ama0es dures ', '516,0', '13,0', '46,0', '29,0', '0', 'Multi_saison', 'oui'),
(990, 'Nougat aux ama0es dures sans sucre ', '525,0', '14,0', '40,8', '34,0', '0', 'Multi_saison', 'oui'),
(991, 'Nougat aux ama0es moelleux sans sucre ', '525,0', '16,0', '38,8', '34,0', '0', 'Multi_saison', 'oui'),
(992, 'Nougat doux aux ama0es ', '533,0', '13,2', '46,0', '31,0', '0', 'Multi_saison', 'oui'),
(993, 'Pain au chocolat ', '390,0', '9,0', '48,0', '17,0', '0', 'Multi_saison', 'oui'),
(994, 'Palmier ', '540,0', '5,0', '61,0', '30,0', '0', 'Multi_saison', 'oui'),
(995, 'Panettone ', '374,0', '7,5', '52,7', '14,8', '70', 'Multi_saison', 'oui'),
(996, 'Pâte brisée au beurre ', '540,0', '6,9', '55,8', '32,2', '0', 'Multi_saison', 'oui'),
(997, 'Pâte brisée avec margarine ', '540,0', '6,9', '55,8', '32,2', '0', 'Multi_saison', 'oui'),
(998, 'Pâte d\'ama0es ', '503,0', '8,0', '58,7', '25,0', '0', 'Multi_saison', 'oui'),
(999, 'Pâte feuilletée au beurre ', '577,0', '5,8', '47,4', '40,5', '0', 'Multi_saison', 'oui'),
(1000, 'Pâte feuilletée avec margarine ', '577,0', '5,8', '47,4', '40,5', '0', 'Multi_saison', 'oui'),
(1001, 'Pâte feuilletée surgelée ', '560,0', '7,5', '44,3', '38,0', '0', 'Multi_saison', 'oui'),
(1002, 'Porra ', '361,0', '4,6', '40,0', '20,0', '0', 'Multi_saison', 'oui'),
(1003, 'Poudre de cacao sans sucre ', '228,0', '19,6', '57,9', '13,7', '60', 'Multi_saison', 'oui'),
(1004, 'Poudre de cacao sucrée ', '390,0', '5,8', '81,0', '4,0', '60', 'Multi_saison', 'oui'),
(1005, 'Sablé à la farine complète sans sucre ', '430,0', '3,0', '40,0', '26,0', '40', 'Multi_saison', 'oui'),
(1006, 'Sablé traditionnel ', '564,0', '4,5', '50,3', '37,7', '55', 'Multi_saison', 'oui'),
(1007, 'Sirop d\'agave ', '308,0', '0,0', '77,2', '0,0', '15', 'Multi_saison', 'oui'),
(1008, 'Sucre blanc - saccharose ', '399,0', '0,0', '99,8', '0,0', '70', 'Multi_saison', 'oui'),
(1009, 'Sucre de coco ', '386,0', '1,4', '94,0', '0,5', '35', 'Multi_saison', 'oui'),
(1010, 'Suisse - rouleau ', '404,0', '9,9', '40,5', '22,0', '0', 'Multi_saison', 'oui'),
(1011, 'Basilic ', '22,0', '3,2', '2,7', '0,6', '5', 'Multi_saison', 'oui'),
(1012, 'Cannelle ', '472,0', '3,8', '79,0', '3,1', '5', 'Multi_saison', 'oui'),
(1013, 'Coria0re ', '23,0', '2,1', '3,7', '0,5', '5', 'Multi_saison', 'oui'),
(1014, 'Curry en poudre ', '300,0', '15,0', '60,0', '15,0', '5', 'Multi_saison', 'oui'),
(1015, 'Épice - Cumin ', '375,0', '17,8', '44,2', '22,3', '5', 'Multi_saison', 'oui'),
(1016, 'Épice - Girofle ', '323,0', '6,0', '61,2', '20,1', '5', 'Multi_saison', 'oui'),
(1017, 'Épice - origan ', '250,0', '10,0', '50,0', '10,0', '5', 'Multi_saison', 'oui'),
(1018, 'Estragon ', '295,0', '23,0', '50,0', '7,0', '5', 'Multi_saison', 'oui'),
(1019, 'Gingembre - kion ', '80,0', '1,8', '17,7', '0,8', '15', 'Multi_saison', 'oui'),
(1020, 'Menthe fraîche ', '99,0', '3,7', '14,8', '0,9', '0', 'Multi_saison', 'oui'),
(1021, 'Muscade ', '589,0', '5,8', '49,0', '36,0', '5', 'Multi_saison', 'oui'),
(1022, 'Paprika ', '357,0', '14,8', '34,8', '12,9', '0', 'Multi_saison', 'oui'),
(1023, 'Piment en poudre ', '314,0', '12,2', '54,6', '16,7', '0', 'Multi_saison', 'oui'),
(1024, 'Poivre blanc ', '284,0', '10,4', '42,5', '2,0', '5', 'Multi_saison', 'oui'),
(1025, 'Poivre', '280,0', '11,0', '38,0', '3,3', '5', 'Multi_saison', 'oui'),
(1026, 'Romarin ', '200,0', '5,0', '40,0', '10,0', '5', 'Multi_saison', 'oui'),
(1027, 'Safran ', '368,0', '11,4', '65,3', '5,8', '0', 'Multi_saison', 'oui'),
(1028, 'Thym ', '276,0', '9,1', '63,9', '7,4', '5', 'Multi_saison', 'oui'),
(1029, 'Vanille ', '51,0', '0,0', '12,6', '0,0', '5', 'Multi_saison', 'oui'),
(1030, 'Wasabi ', '105,0', '4,6', '22,6', '0,6', '0', 'Multi_saison', 'oui'),
(1031, 'Eau gazeuse', '0,0', '0,0', '0,0', '0,0', '0', 'Multi_saison', 'oui'),
(1032, 'Eau', '0,0', '0,0', '0,0', '0,0', '0', 'Multi_saison', 'oui'),
(1033, 'Café noir (sans sucre) ', '2,0', '0,1', '0,0', '0,0', '0', 'Multi_saison', 'oui');

-- --------------------------------------------------------

--
-- Table structure for table `categorie`
--

CREATE TABLE `categorie` (
  `id_categorie` int(11) NOT NULL,
  `nom_categorie` varchar(255) NOT NULL
) ENGINE=InnoDB DEFAULT CHARSET=utf8mb4;

--
-- Dumping data for table `categorie`
--

INSERT INTO `categorie` (`id_categorie`, `nom_categorie`) VALUES
(4, 'boisson'),
(3, 'dessert'),
(1, 'entrée'),
(2, 'plat');

-- --------------------------------------------------------

--
-- Table structure for table `parametres`
--

CREATE TABLE `parametres` (
  `id_par` int(11) NOT NULL,
  `image_par` text NOT NULL,
  `lien_page` varchar(255) NOT NULL
) ENGINE=InnoDB DEFAULT CHARSET=utf8mb4;

-- --------------------------------------------------------

--
-- Table structure for table `preference`
--

CREATE TABLE `preference` (
  `id_pref` int(11) NOT NULL,
  `utilisateur_id` int(11) NOT NULL,
  `recette_id` int(11) NOT NULL
) ENGINE=InnoDB DEFAULT CHARSET=utf8mb4;

--
-- Dumping data for table `preference`
--

INSERT INTO `preference` (`id_pref`, `utilisateur_id`, `recette_id`) VALUES
(1, 4, 1),
(2, 4, 9),
(3, 4, 10),
(4, 4, 4),
(8, 4, 2),
(11, 4, 11),
(13, 4, 21),
(16, 4, 26),
(17, 4, 28),
(18, 5, 2),
(19, 5, 3),
(20, 5, 4),
(21, 4, 24),
(22, 5, 9);

-- --------------------------------------------------------

--
-- Table structure for table `recette`
--

CREATE TABLE `recette` (
  `id_recette` int(11) NOT NULL,
  `nom_recette` varchar(255) NOT NULL,
  `description` text NOT NULL,
  `image` text NOT NULL,
  `difficulte` varchar(255) NOT NULL,
  `temps_prepa` time NOT NULL,
  `temps_repos` time NOT NULL,
  `temps_cuisson` time NOT NULL,
  `temps_total` time NOT NULL,
  `liste_ingredients` longtext NOT NULL,
  `liste_etapes` longtext NOT NULL,
  `healthy` enum('oui','non') NOT NULL DEFAULT 'non',
  `calories` int(11) NOT NULL,
  `notation` int(11) NOT NULL,
  `mode_cuisson` varchar(255) NOT NULL,
  `categorie_nom` varchar(255) NOT NULL,
  `saison` varchar(255) NOT NULL,
  `fete` enum('quotidien','mariage','circoncision','aid','achoura') NOT NULL,
  `news` enum('oui','non') NOT NULL DEFAULT 'non',
  `valide_recette` enum('oui','non') NOT NULL DEFAULT 'oui'
) ENGINE=InnoDB DEFAULT CHARSET=utf8mb4;

--
-- Dumping data for table `recette`
--

INSERT INTO `recette` (`id_recette`, `nom_recette`, `description`, `image`, `difficulte`, `temps_prepa`, `temps_repos`, `temps_cuisson`, `temps_total`, `liste_ingredients`, `liste_etapes`, `healthy`, `calories`, `notation`, `mode_cuisson`, `categorie_nom`, `saison`, `fete`, `news`, `valide_recette`) VALUES
(1, 'Poulet à la pomme de terre', 'Une recette simple et facile, apprenez à faire un plat de poulet simple et à la fois délicieux.', '<img src=\"./img/recette1.jpeg\" alt=\"Image\">', 'facile', '00:30:00', '00:00:00', '01:00:00', '01:30:00', '1- poulet;2- pomme de terre;3- Beurre;4- Herbes de Provence;5- Sel;6- Poivre', '1- Il vous suffit de mettre le poulet dans un plat à four.;2- Pendant ce temps-là, préchauffer le four à 210-240°C (thermostat 7-8).;3- Prenez le beurre et découpez-le en morceaux pour le mettre sur le poulet un peu partout.Salez, poivrez et herbez la bête.;4- Ensuite, attaquez-vous au patates... Il faut les éplucher et puis les faire tremper dans l\'eau pour les rincer et les essuyer.Il faut après les découper.;5- En fait, je prends la pomme de terre, la découpe en longueur, la tourne, et puis après la découpe dans l\'autre longueur et puis je la tourne dans l\'autre sens pour la découper en largeur... et ça, ça fait des sortes de carrés.;6- Et je mets toutes les pommes de terres dans le plat autour du poulet. Les sale.;7- Et puis direction le four après avoir arrosé le tout d\'un demi-verre d\'eau.;8- Je laisse cuire 1h... plus ou moins en fonction du poulet et des pommes de terre.;9- Je le tourne régulièrement pendant la cuisson, sur chaque face... Et puis s\'il le faut je réarrose d\'eau... comme ça, les pommes de terre baignent dans le jus.Une fois que c\'est prêt et bien il suffit de servir !;', 'non', 448, 5, 'four grill', 'plat', 'Multi_saison', 'quotidien', 'non', 'oui'),
(2, 'Tartine chaude au chèvre', 'Une recette de tartine au chèvre très simple à réaliser est celle de faire chauffer du fromage de chèvre et de l\'étaler sur du pain.', '<img src=\"./img/entrée1.png\" alt=\"Image\" style=\"width:100%;\">', 'très facile', '00:05:00', '00:00:00', '00:05:00', '00:10:00', '1- pain au céréales;2- fromage de chèvre frais;3- crème fleurette;4- thym', '1- Mélanger le fromage et la crème.;2- Etaler sur le pain et faire griller quelques minutes au four.;3- Parsemer de thym au moment de servir.', 'non', 489, 4, 'four grill', 'entrée', 'multi_saison', 'quotidien', 'non', 'oui'),
(3, 'Parmentier de confit de canard au foie gras', 'Aujourd’hui nous vous présentons une recette de canard incontournable : le parmentier de canard au foie gras. Bien riche et goûteux, ce plat de cuisses de canard confites est un véritable régal ! Ici la recette de parmentier de canard est pour 4 personnes, n’hésitez pas à changer les dosages pour partager ce plat convivial avec ceux que vous aimez.\r\n', '<img src=\"./img/entrée2.png\" alt=\"Image\" style=\"width:100%;\">\r\n', 'Moyenne', '00:15:00', '00:00:00', '00:20:00', '00:35:00', '1- Cuisses de canard confites;2- Pommes de terre type Bintje;3- Foie gras de Canard;4- Tomates;5- Echalotes;6- Lait;7- Beurre;8- Muscade;9- Sel;10- Poivre\r\n', '1- Préchauffez le four th.6 (180°C).;2- Hachez les échalotes et coupez les tomates épépinées en brunoise. Épluchez et coupez les pommes de terre en morceaux. Faites-les cuire pendant 10 min dans un premier faitout d\'eau bouillante salée.;3- Pendant ce temps, séparez la peau, le gras, les os et le croquant des cuisses de canard. Effilochez la viande à la fourchette. Dans un second faitout, faites fondre une cuillère de gras de canard à feux doux. Faites-y blanchir les échalotes, ainsi que les tomates. Ajoutez le confit de canard, le foie gras et laissez mijoter. Salez légèrement et poivrez à votre convenance.;4- Écrasez les pommes de terre en purée, en incorporant le lait et le beurre préalablement bouillis avec un peu de muscade. Disposez dans un plat le mélange de confit de canard, puis recouvrez avec une couche de purée.;5- Enfournez pour 10 minutes, et faites-le gratiner jusqu’à ce que sa croûte soit bien dorée. Servez votre hachis parmentier de confit de canard au foie gras avec une salade verte assaisonnée.;', 'non', 643, 4, 'four grill', 'entrée', 'multi_saison', 'quotidien', 'non', 'oui'),
(4, 'Flan de courgettes', 'Recette Flan de courgettes facile et rapide : découvrez les ingrédients, ustensiles et étapes de préparation.', '<img src=\"./img/entrée3.png\" alt=\"Image\" style=\"width:100%;\">\r\n', 'Moyenne', '00:15:00', '00:00:00', '00:35:00', '00:50:00', '1- Courgette;2- Gruyère râpé;3- Lait;4- Feuilles de basilic;5- oeuf;\r\n', '1- Couper les courgettes en très fines rondelles. Les faire revenir dans de l\'huile d\'olive. Saler, poivrer, cuire environ 10 mm à petit feu.;2- Battre les oeufs et ajouter le fromage + sel + poivre + basilic + lait.;3- Jeter la préparation sur les courgettes. Remuer. NE PAS FAIRE PRENDRE \"L\'OMELETTE\".;4- Mettre au four 180°C pendant 35 mn.;5- SERVIR FROID OU CHAUD avec une sauce mayonnaise + ketchup hot.;', 'oui', 180, 4, 'four grill', 'entrée', 'multi_saison', 'quotidien', 'non', 'oui'),
(5, 'Soufflé au fromage', 'Recette Soufflé au fromage facile et rapide : découvrez les ingrédients, ustensiles et étapes de préparation.', '<img src=\"./img/entrée4.png\" alt=\"Image\" style=\"width:100%;\">\r\n', 'facile', '00:15:00', '00:00:00', '00:35:00', '00:50:00', '1- Beurre;2- Gruyère râpé;3- Lait;4- Farine;5- oeufs;6- Muscade;\r\n', '1- Préchauffer le four à 180°C (thermostat 6). Beurrer le moule.;2- Chauffer le beurre dans une casserole, ajouter la farine et remuer rapidement pendant 1 min. Ajouter le lait tiédi, remuer au fouet pendant quelques minutes à feu doux.;3- Retirer la casserole du feu.;4- Séparer les blancs et les battre fermement (avec une pincée de sel).;5- Dans la casserole refroidie, ajouter les jaunes d\'oeufs un à un, puis le fromage râpé. Mettre une pincée de muscade, poivrer. Saler peu car le fromage contient déjà du sel.;6- Incorporer les blancs d\'oeufs battus en mélangeant délicatement.;7- Verser dans le moule, au maximum jusqu\'à 4 cm du bord.;8- Enfourner pendant 35 minutes en position chaleur tournante.', 'non', 400, 5, 'four grill', 'entrée', 'multi_saison', 'quotidien', 'non', 'oui'),
(6, 'Velouté de Potiron et Carottes', 'Recette légèrement épicée, riche en micronutriments et relativement pauvres en glucides et en graisses.', '<img src=\"./img/entrée6.png\" alt=\"Image\" style=\"width:100%;\">\r\n', 'très facile\r\n', '00:30:00', '00:00:00', '00:30:00', '01:00:00', '1- Ail;2- Curry;3- Cumin;4- Sel;5- Carotte;6- Pomme de terre;7- Oignon;8- Lait;9- Huile d\'olive;10- Persil;11- Poivre;12- Potiron;13- Bouillon de volaille;14- Muscade;\r\n', '1- Éplucher et couper en dés le potiron, les pommes de terre, les carottes en rondelles.;2- Emincer l\'ail et l\'oignon.;3- Faire suer l\'oignon dans l\'huile d\'olive.;4- Ajouter tous les légumes et l\'ail puis verser le bouillon et le lait.;5- Saler, poivrer, \"muscader\" et laisser cuire environ une trentaine de minutes.;6- Mixer le tout (ajouter éventuellement la crème) et rectifier l\'assaisonnement si nécessaire.;7- Bon appétit !;', 'oui', 200, 5, 'cocotte-minute', 'entrée', 'multi_saison', 'quotidien', 'non', 'oui'),
(7, 'Velouté de carottes au cumin', 'Recette légèrement épicée, riche en micronutriments et relativement pauvres en glucides et en graisses.', '<img src=\"./img/entrée5.png\" alt=\"Image\" style=\"width:100%;\">\r\n', 'très facile\r\n', '00:10:00', '00:00:00', '00:25:00', '00:35:00', '1- Crème liquide;2- Curry;3- Cumin;4- Sel;5- Carotte;6- Pomme de terre;7- Oignon;8- Beurre;9- Eau;\r\n', '1- Emincez l\'oignon. Faites fondre le beurre dans une cocotte minute, puis ajoutez l\'oignon. Faites dorer.;2- Ajoutez les carottes et la pomme de terre préalablement coupés en morceaux. Faites cuire ainsi 5 minutes.;3- Ajoutez l\'eau, ainsi que le curry et le cumin.;4- Fermez la cocotte et faire cuire 20 minutes après la montée en pression.;5- Il ne reste plus qu\'à mixer le tout en y ajoutant la crème liquide... et bien sûr qu\'à se régaler!;', 'oui', 200, 5, 'cocotte-minute', 'entrée', 'multi_saison', 'quotidien', 'non', 'oui'),
(8, 'Salade spéciale', 'Les enfants pourront avec votre aide, laver les légumes, et confectionner les petits rouleaux. Si vous avez du mal à attacher les rouleaux avec les tiges des oignons, utilisez un brin de raphia naturel.', '<img src=\"./img/entrée7.jpg\" alt=\"Image\" style=\"width:100%;\">\r\n', 'très facile', '00:30:00', '00:00:00', '00:11:00', '00:41:00', '1- Concombre;2- Asperges vertes;3- Tomates;4- œufs;5- Fromage frais;6- Fines herbes;7- Oignon;8- Aneth;9- Ail;', '1- Epluchez les asperges, conservez la pointe et faites-les cuire dans une casserole d\'eau bouillante salée. Pour la cuisson ficelez-les ensemble pour une cuisson homogène. Au bout de 3 minutes d\'ébullition, éteignez le feu, couvrez la casserole. Egouttez les asperges quand elles sont tombées au fond de la casserole. Laissez-les refroidir.;2- Lavez bien le concombre et détaillez-le dans le sens de la longueur en longues lamelles avec un économe ou une mandoline.;3- Lavez les tomates.;4- Faites cuire les oeufs dans de l\'eau bouillante 8 minutes puis plongez-les dans de l\'eau froide. Ecalez les oeufs et réservez-les.;5- Etalez une lamelle de concombre. Déposez à un bout une cuillère de fromage frais et deux ou trois têtes d\'asperges. Roulez doucement et attachez le rouleau avec une tige d\'oignon. Faire de même pour le reste du concombre.;6- Déposez les rouleaux printaniers sur un plat de service accompagnés des oeufs durs coupés en deux et des tomates.;7- Parsemez avec des herbes fraîches.;', 'oui', 100, 4, 'cuisson à l\'eau', 'entrée', 'printemps', 'quotidien', 'oui', 'oui'),
(9, 'Curry d\'aubergines', 'Nouvelle recette à la façon indienne.', '<img src=\"./img/plat2.jpeg\" alt=\"Image\" style=\"max-width:100%;\">\r\n', 'Moyenne\r\n', '00:05:00', '00:00:00', '01:00:00', '01:05:00', '1- Aubergines;2- Gingembre;3- Garam massala;4- Curry;5- Cumin;6- Concentré de tomates;7- Oignon;8- Ghee;9- Ail;10- Sel;11- Poivre;', '1- Lavez les aubergines et coupez-les en morceaux réguliers.;2- Épluchez et hachez l’oignon et l’ail. Épluchez et râpez le gingembre.;3- Chauffez le ghee dans une cocotte, saisissez l’oignon, l’ail et les épices dans le beurre chaud, faites roussir, puis ajoutez les morceaux d’aubergine, le concentré de tomates et 20 cl d’eau. Baissez le feu et laissez cuire 1 h à feu doux en remuant de temps en temps, jusqu’à ce que les aubergines soient moelleuses.;4- Salez, poivrez et laissez tiédir dans la cocotte. Dégustez en plat unique ou en accompagnement d’un curry.;', 'oui', 160, 5, 'Cocotte-minutte', 'plat', 'Multi_saison', 'quotidien', 'oui', 'oui'),
(10, 'Aloo palak (pommes de terre et épinards)', 'Nouvelle recette à la façon indienne.', '<img src=\"./img/plat3.jpeg\" alt=\"Image\" style=\"width:100%;\">\r\n', 'très facile', '00:05:00', '00:00:00', '00:10:00', '00:15:00', '1- Curcuma;2- Epinards;3- Coriandre;4- Curry;5- Cumin;6- Poivre;7- Oignon;8- Ghee;9- Ail;10- Sel;', '1- Mettez les pommes de terre à cuire avec la peau dans une casserole d’eau bouillante salée. Égouttez-les, épluchez- les et taillez-les en gros dés réguliers. Lavez et équeutez les épinards. Épluchez et ciselez l’oignon, épluchez et pressez l’ail.;2- Chauffez le ghee dans une cocotte, saisissez les épices dans le beurre chaud et faites roussir quelques minutes avant d’ajouter les oignons, l\'ail, les épinards et le sel.;3- Laissez cuire à feu doux tout en remuant, puis versez 40 cl d’eau, ajoutez les pommes de terre et laissez mijoter 10 min de plus toujours en remuant. Salez, poivrez et dégustez.;', 'oui', 160, 5, 'cuisson à eau', 'plat', 'Multi_saison', 'quotidien', 'oui', 'oui'),
(11, 'Biftecks en cuisson inversée', 'On essaie cette façon inhabituelle de cuire ses steaks. Viande tendre et juteuse garantie!', '<img src=\"./img/plat4.jpg\" alt=\"Image\" style=\"width:100%;\">\r\n', 'très facile', '00:05:00', '00:00:00', '00:25:00', '00:30:00', '1- Biftecks;2- Oignon;3- Sel;4- Poivre;', '1- Préchauffer l’un des côtés du barbecue à feu moyen-vif. Il ne doit pas y avoir de chaleur directe de l’autre côté. Huiler la grille.;2- Saupoudrer de sel et de poivre les biftecks des deux côtés. Les déposer du côté non allumé de l’appareil. Insérer la sonde d’un thermomètre à viande pour barbecue dans l’un des biftecks. Cuire, le couvercle fermé, jusqu’à ce que la température de la viande atteigne 41 °C (105 °F) pour un bifteck mi-saignant, de 20 à 23 minutes.;3- Enlever le thermomètre. Transférer les biftecks du côté où la chaleur est directe, et augmenter l’intensité du feu à vif. Les saisir jusqu’à ce qu’ils portent les marques de la grille, environ 2 minutes de chaque côté. Parsemer de persil et d’oignon vert, si désiré. Servir avec la salade de pommes de terre chimichurri.;', 'non', 250, 4, 'cuisson inversée', 'plat', 'Multi_saison', 'aid', 'oui', 'oui'),
(12, 'Cèpes sautés à la plancha', 'Une cuisson rapide des cèpes qui préserve le goût et la texture du produit.', '<img src=\"./img/entrée8.png\" alt=\"Image\" style=\"width:100%;\">\r\n', 'facile', '00:15:00', '00:00:00', '00:25:00', '00:30:00', '1- Cèpes;2- Beurre;3- Sel;4- Poivre;', '1- Nettoyer minutieusement les cèpes.;2- Tailler les cèpes en tranches épaisses.;3- Poser les cèpes en tranches sur la plancha huilée préchauffée à 180°C.;4- Beurrer légèrement au pinceau.;5- Assaisonner.;6- Retourner les cèpes et beurrer l\'autre face.;7- Retourner les cèpes plusieurs fois jusqu\'à l\'obtention d\'une belle coloration.;8- Dresser sur assiette et rectifier l\'assaisonnement avant de servir.;', 'oui', 32, 3, 'plancha', 'entrée', 'Automne', 'quotidien', 'oui', 'oui'),
(13, 'Poisson entier à la plancha', 'Une cuisson rapide de poisson qui préserve le goût et la texture du produit.', '<img src=\"./img/plat5.png\" alt=\"Image\" style=\"width:100%;\">\r\n', 'facile', '00:15:00', '00:00:00', '00:10:00', '00:25:00', '1- Citron;2- Poisson;3- Sel;4- Poivre;', '1- Faites préparer le poisson par le poissonnier.;2- Lavez les herbes, et mettez le bouquet entier dans le poisson, avec quelques rondelles de citron.;3- Versez un filet d\'olive sur le poisson.;4- Faites cuire le poisson sur une plancha bien chaude.;5- Votre poisson entier à la plancha est prêt !;', 'oui', 80, 5, 'plancha', 'plat', 'Multi_saison', 'quotidien', 'oui', 'oui'),
(14, 'Nouilles sautées aux crevettes', 'Préparées au wok, vous n\'allez pas vous casser la tête en cuisine afin de les préparer. Pourtant, tout le monde à table vont les adorer quand elles seront dégustées !', '<img src=\"./img/plat6.png\" alt=\"Image\" style=\"width:100%;\">\r\n', 'facile', '00:15:00', '00:00:00', '00:15:00', '00:30:00', '1- Nouilles aux oeufs;2- Poivrons rouges;3- Sel;4- Poivre;5- Ail;6- Crevettes;7- Tomates cerise;8- Sauce soja sucrée;9- Huile d’arachide;10- Aneth;', '1- Pelez et hachez l’ail. Nettoyez et épongez les tomates cerise. Lavez et coupez en deux les poivrons rouges. Retirez les queues, les pépins et les peaux blanches, puis tranchez-les en lamelles. Décortiquez les crevettes, puis rincez-les à l’eau froide et épongez-les à l’aide de papier absorbant.;2- Faites chauffer l’huile d’arachide dans un wok placé sur feu vif. Quand l’huile est bien chaude, déposez les crevettes décortiquées dans le wok et faites-les sauter pendant 5 min, en les remuant bien, jusqu’à ce qu’elles soient colorées. Une fois les crevettes dorées, ôtez-les du wok et réservez-les de côté. Ajoutez l’ail haché, les tomates cerise et les lamelles de poivrons dans le wok. Laissez cuire pendant 10 min environ, en mélangeant bien, jusqu’à ce que les lamelles de poivrons soient tendres. Incorporez ensuite la sauce soja, salez et poivrez selon vos goûts, puis remuez.;3- Entre temps, faites cuire les nouilles dans une casserole remplie d\'eau bouillante en suivant le temps indiqué sur le paquet. Lorsque les nouilles sont cuites, égouttez-les dans une passoire et réservez. Lavez, épongez et ciselez finement les brins d’aneth frais.;4- Quand les lamelles de poivrons sont tendres, dans le wok, ajoutez-y les crevettes sautées et les nouilles égouttées. Laissez cuire encore 5 min, en remuant bien.;5- Parsemez d’aneth ciselé et dégustez sans attendre et servez de suite ce wok de nouilles sautées aux crevettes et aux légumes dans les assiettes.;', 'non', 103, 5, 'wok', 'plat', 'Multi_saison', 'quotidien', 'oui', 'oui'),
(15, 'Recette Nouilles sautées aux cacahuètes', 'Pour cette recette de Nouilles sautées aux cacahuètes, vous pouvez compter 5 minutes de préparation.', '<img src=\"./img/plat7.png\" alt=\"Image\" style=\"width:100%;\">\r\n', 'facile', '00:05:00', '00:00:00', '00:15:00', '00:20:00', '1- Nouilles aux oeufs;2- Jus de citron;3- Banane;4- Cacahuètes non salées;5- Ail;6- Oignon;7- Carottes;8- Sauce soja sucrée;9- Huile;', '1- Pelez et hachez l\'oignon et l\'ail.;2- Pelez et coupez les carottes en petits bâtonnets.;3- Retirez la peau et coupez la banane en rondelles.;4- Faites chauffer 3 c. à soupe dans un wok.;5- Faites griller les cacahuètes jusqu\'à ce qu\'elles soient dorées.;6- Débarrassez du wok et réservez.;7- Mettez l\'oignon, l\'ail, les carottes et la banane dans le wok.;8- Laissez cuire en mélangeant bien, jusqu\'à ce que l\'oignon soit translucide et la banane bien dorée.;9- Ajoutez le jus de citron et la sauce soja selon vos goûts et mélangez bien.;10- En même temps, faites cuire les nouilles dans une casserole d\'eau bouillante, en suivant les instructions du paquet.;11- Egouttez-les en fin de cuisson.;12- Ajoutez les cacahuètes dans le wok puis les nouilles.;13- Faites sauter encore quelques minutes.;14- Servez dans les assiettes.;15- Dégustez de suite.;', 'non', 300, 4, 'wok', 'plat', 'Multi_saison', 'quotidien', 'oui', 'oui'),
(16, 'Bœuf aux carottes et 5 épices au wok', 'Ce bœuf aux carottes et aux mélange de cinq épices, préparé rapidement au wok, est un délice ! Avec cette recette, vous allez faire des heureux à table !', '<img src=\"./img/plat9.png\" alt=\"Image\" style=\"width:100%;\">\r\n', 'facile', '00:20:00', '00:45:00', '00:00:00', '01:05:00', '1- Bœuf;2- Oignons;3- Carottes;4- Ail;5- Gingembre en poudre;6- Oignon;7- Huile de sésame;8- Sauce soja sucrée;9- Graines de sésame;10- Sel;11- Poivre;12- Cinq épices;', '1- Découpez les filets de bœuf en fines lamelles sur une planche de cuisine. Pelez et hachez finement les oignons et l’ail. Épluchez et coupez les carottes en fines rondelles.;2- Faites chauffer l’huile de sésame dans un wok placé sur feu vif. Quand l’huile est bien chaude, déposez les oignons et les gousses d\'’ail hachées dans le wok et saupoudrez-les de gingembre en poudre. Mélangez bien, puis laissez cuire pendant 2 min ou jusqu’à ce que les oignons hachés soient translucides. Incorporez ensuite les lamelles de bœuf, la sauce soja et le mélange des cinq épices. Arrosez d’eau jusqu’à hauteur des cubes de viande, baissez le feu à feu doux et laissez mijoter pendant 1h, en remuant de temps à autre.;3- Au bout de 1 heure de cuisson, incorporez les rondelles de carottes au wok. Poursuivez la cuisson pendant 30 min supplémentaires ou jusqu’à ce que les rondelles de carottes soient bien tendres.;4- Une fois le bœuf aux carottes prêt, servez-le de suite parsemé de graines de sésame dans les assiettes. Dégustez-le sans attendre accompagné de riz ou de nouilles.;', 'non', 300, 4, 'wok', 'plat', 'Multi_saison', 'quotidien', 'oui', 'oui'),
(17, 'Dinde au curry et crème fraîche allégée au Wok', 'Pour cette recette de Dinde au curry et crème fraîche allégée au Wok , vous pouvez compter 15 minutes de préparation.', '<img src=\"./img/plat10.png\" alt=\"Image\" style=\"width:100%;\">\r\n', 'facile', '00:15:00', '00:30:00', '00:04:00', '00:49:00', '1- Escalopes de dinde;2- Echalote;3- Huile olive;4- Curry;5- crème fraîche;6- Poivre;7- Sel;', '1- Sur votre planche de cuisine, découpez les escalopes en morceaux.;2- Déposez-les dans un saladier, et saupoudrez-les de curry.;3- Massez les morceaux de dinde avec le curry de façon à ce qu\'ils en soient bien imprégnés.;4- Laissez reposer pendant 30 min.;5- Entre-temps, épluchez l\'échalote, puis émincez-la.;6- Versez dans un wok 1 c. à soupe d\'huile d\'olive, puis faites-y dorer l\'échalote.;7- Ajoutez les morceaux de dinde et laissez revenir en remuant, le tout à feu moyen.;8- Assaisonnez de sel et poivre.;9- Baissez le feu, et laissez mijoter à couvert.;10- Retirez ensuite du feu, puis joignez-y 3 c. à soupe de crème allégée.;11- Mélangez et laissez reposer quelques instants.;12- Servez.;13- Vous pouvez accompagner cette préparation de riz.;', 'non', 200, 5, 'wok', 'plat', 'Multi_saison', 'quotidien', 'oui', 'oui'),
(18, 'Lham lahlou sans viande', 'Pour cette recette de lham lahlou sans viande, vous pouvez compter 20 minutes de préparation.', '<img src=\"./img/entrée9.png\" alt=\"Image\" style=\"width:100%;\">\r\n', 'facile', '00:20:00', '00:00:00', '00:20:00', '00:40:00', '1- Abricots secs;2- Raisins;3- Pruneaux;4- Baton de cannelle;5- Beurre;6- Eau;7- Sucre;8- Eau de fleurs d\'oranger;', '1- Pour débuter la préparation du lham lahlou sans viande, faire fondre le smen ou beurre, ajouter l\'eau,le sucre,la cannelle et l\'eau de fleur d\'oranger dans un tajine en terre cuite. Faire cuire lham lahlou sans viande jusqu\'à obtention d\'un sirop onctueux, en remuant pour ne pas que ça colle ou brûle.;2- Entre temps faites macérer les fruits secs dans de l\'eau chaude jusqu\'à ce qu\'ils gonflent. Faites égoutter et ajouter-les au sirop. Laissez cuire lham lahlou sans viande à petit feu jusqu\'a ce que le sirop devienne assez epais et mielleux. Décorer le lham lahlou sans viande avec des amandes grillées et servir tiède avec du bon pain fait maison. Le lham lahlou sans viande est délicieux car sucré et fin avec tous ces fruits, et est plus facile à apprécier qu\'un lham lahlou avec viande pour les personnes qui n\'apprécient pas le sucré salé.;3- L’ham lahlou est un plat qui mérite une attention particulière, car il est fin et subtil de saveurs.;4- C’est un tajine,qu\'on prépare dans les cérémonies de mariage.;5- Traditionnellement, le tajine lahlou est préparé avec des raisins secs, des pruneaux, des abricots secs ainsi qu\'avec des fruits frais comme les pommes, les poires, les nèfles etc....et même des fruits en conserve, le tout aromatisé de cannelle et de fleur d\'oranger, un réel plaisir pour les papilles.', 'non', 500, 5, 'cuisson à l\'étouffée', 'entrée', 'Multi_saison', 'mariage', 'non', 'oui'),
(19, 'Kadid « Viande séchée »', 'Pour cette recette qui est souvant faite à l\'occasion de Achoura, vous pouvez compter 10 minutes de cuisson.', '<img src=\"./img/plat8.jpg\" alt=\"Image\" style=\"width:100%;\">\r\n', 'facile', '00:30:00', '24:00:00', '00:10:00', '24:40:00', '1- Sel;2- Paprika;3- Ail;4- Coriandre;5- Viande mouton;6- Huile d\'olive;', '1- Couper la viande en lanière, de la grosseur d’un doigt si vous n’avez pas choisi la partie inférieure des cote sinon fondre comme sur la photo sans aller jusqu’au bout afin d’obtenir une guirland;2- Dans un saladier mettre tous les épices et les guirlandes de viandes puis bien mélanger, mettre au frigo à macérer pendant une nuit.;3- Le lendemain sortir votre viande et la suspendre sur une corde à linge en plein soleil, pendant 1 semaine en été, je vais me répéter mais il faut faire attention à la pluie.;4- Pour savoir si votre kadid est à point, cassé un en morceau en deux il faut que l’intérieur de la viande soit très sec.;5- Couper en morceaux de 2 à 3 cm et mettre dans une bocal puis recouvrir d’huile, se conserve facilement des mois et des mois.;', 'oui', 163, 5, 'Cocotte-minute', 'plat', 'Multi_saison', 'achoura', 'non', 'oui'),
(20, 'Couscous sauce rouge aux légume', 'Cette recette est souvant faite à l\'occasion des mariages comme plat principal.', '<img src=\"./img/plat11.jpg\" alt=\"Image\" style=\"width:100%;\">\r\n', 'moyenne', '00:30:00', '00:00:00', '00:20:00', '00:50:00', '1- Sel;2- Paprika;3- Ail;4- Beurre;5- Viande;6- Huile d\'olive;7- Tomates;8- Tomate concentrée;9- Poivre noir;10- Rass el hanout;11- Pois chiches;12- Oignons;13- Navets;14- Courgettes;15- Fèves;16- Potirons;17- Pommes de terre;18- Carottes;', '1- Dans le bas du couscoussier, faire revenir l\'oignon et l\'ail.;2- Dorer la viande et le poulet dans l\'huile (une dizaine de minutes). Ajouter les épices, ensuite les tomates pelées et épinées et la tomate concentrée\r\nCouvrir d\'eau .;3- Ajouter également les légumes coupés en tronçons et les pois chiches. Laisser cuire à feu doux.;4- Pendant la cuisson, mouiller les graines de couscous dans une jatte. Dés qu\'elles absorbent l\'eau, les enrouler pour séparer les graines avec la paume de la main ou une cuillère en bois. Cuire dans le haut du couscoussier à la vapeur.;5- Dés que la vapeur s\'échappe, vider les graines, les asperger d\'eau et de sel. Laisser absorber, remettre sur le haut du couscoussier (2éme fois).;6- Dès que le couscous est cuit, le verser sur le plat. Rajoutez du beurre ou du smen, enduire les graines et réserver.;7- Présenter le couscous dans un grand plat, décorer de la viande, pois chiches et légumes. Saucer ou présenter le bouillon à part.;', 'oui', 112, 5, 'cuisson à la vapeur', 'plat', 'Multi_saison', 'mariage', 'non', 'oui'),
(21, 'Tammina', 'Cette recette est souvant faite à l\'occasion des circoncisions comme dessert principal.', '<img src=\"./img/dessert1.jpg\" alt=\"Image\" style=\"width:100%;\">\r\n', 'moyenne', '00:10:00', '00:00:00', '00:15:00', '00:25:00', '1- Semoule;2- Miel;3- Eau;4- Beurre;5- Cannelle;6- Amande;', '1- Griller la semoule à petit feu en arabe « ta\'hmiss» tout en remuant à l’aide d’une cuillère en bois, jusqu’à lui donner une jolie teinte bien dorée à peu près 20 min.;2- Faire fondre le beurre et le miel dans une casserole à feu doux, ajouter l\'eau de fleur d\'oranger (facultatif).;3- Verser la semoule sur le liquide en pluie tout en remuant.;4- Laisser sur feu doux quelques minutes tout remuant.;5- Verser dans de petites assiettes, décorer avec de la cannelle, amandes.;', 'non', 715, 3, 'cuisson à la poêle', 'dessert', 'Multi_saison', 'circoncision', 'non', 'oui'),
(22, 'Smoothie au concombre', 'Un smoothie vitaminé à servir en début de repas; n\'hésitez pas à ajouter quelques glaçons avant de mixer pour plus de fraicheur.', '<img src=\"./img/boisson1.jpg\" alt=\"Image\" style=\"width:100%;\">\r\n', 'facile', '00:10:00', '00:00:00', '00:00:00', '00:10:00', '1- Concombre;2- Fromage blanc;3- Carrés frais;4- Ail;5- Menthe;6- Sel;7- Piment;', '1- Lavez et pelez les concombre. Coupez-les en 2 dans le sens de la longueur. Ôtez le plus gros des pépins à l’aide d’une cuillère à café. Coupez les concombres en petits morceaux.;2- Pelez et hachez l’ail. Rincez et ciselez la menthe.;3- Déposez les concombres dans le bol du mixeur. Ajoutez le fromage blanc, les carrés frais, l\'ail, les feuilles de menthe ciselées. Mixez afin d’obtenir une préparation homogène. Salez et saupoudrez de piment.;', 'oui', 50, 5, 'Aucun', 'boisson', 'été', 'quotidien', 'non', 'oui'),
(23, 'Jus de citron rafraîchissant', 'Un jus de citron rafraîchissant vitaminé à servir en début de repas; n\'hésitez pas à ajouter quelques glaçons avant de mixer pour plus de fraicheur.', '<img src=\"./img/boisson2.jpg\" alt=\"Image\" style=\"width:100%;\">\r\n', 'facile', '00:10:00', '00:00:00', '00:00:00', '00:10:00', '1- Eau;2- Sucre;3- Carrés frais;4- Citron;5- Sucre vanillé;', '1- Râper le zeste du citron et le mettre dans la cuve du mixeur avec 1/4l d\'eau, le jus du citron, du sucre et le sucre vanillé.Mixer.Filtrer à l\'aide d\'un tissu fin et propre.;2- Re-mixer le concentré avec le reste d\'eau. Goûter et rectifier la quantité de sucre au besoin.Réserver au frais.;', 'oui', 22, 3, 'Aucun', 'boisson', 'hiver', 'quotidien', 'non', 'oui'),
(24, 'Jus d\'orange', 'Quoi de mieux qu’un jus de fruits frais pour le petit déjeuner. Commencez votre journée avec le plein de vitamine en réalisant cette recette avec votre Thermomix. Des oranges, du sucre, de l’eau et c’est tout ! Place à la préparation de votre délicieux jus d’orange.', '<img src=\"./img/boisson3.jpg\" alt=\"Image\" style=\"width:100%;\">\r\n', 'facile', '00:05:00', '00:00:00', '00:00:00', '00:05:00', '1- Eau;2- Sucre;3- Orange;', '1- Épluchez et coupez les oranges en 2 en prenant soin d’enlever les pépins. Dans le bol du Thermomix, mettez les oranges puis mixez 6 sec en vitesse 6.;2- Ajoutez le sucre et mixez 6 sec en vitesses 6 puis ajoutez le l\'eau puis mixez 6 sec en vitesse 6;3- Filtrez le jus d’orange à l’aide du panier cuisson afin d’enlever la pulpe. Conservez dans une bouteille.;', 'oui', 40, 4, 'Aucun', 'boisson', 'hiver', 'quotidien', 'non', 'oui'),
(25, 'Jus de fraise simple et frais au Blender', 'La fraise, ça s’apprécie aussi en boisson, la recette de ce jus est simple et facile à faire, cette boisson est tellement fraîche, je ne me lasse pas, elle ravira aussi les petits comme les grands et tous les amateurs de ce fruit. Et pour cela, il suffit de mélanger tous les ingrédients dans un blender et bien mixer. Vous obtiendrez un mélange doux et mousseux. Cette recette prête en dix minutes chrono rassasiera votre soif de fraises.', '<img src=\"./img/boisson4.jpg\" alt=\"Image\" style=\"width:100%;\">\r\n', 'facile', '00:10:00', '00:00:00', '00:00:00', '00:10:00', '1- Eau;2- Sucre;3- Fraise;', '1- Lavez les fraise et équeutez-les. Garder 6 belles fraises pour la décoration des verres.;2- Dans un blender, mixez le reste de fraise, le sucre et 1 verre d\'eau pendant 2 minutes.;3- Ajoutez à ce mélange le reste d\'eau. Ajoutez de la glace si vous voulez une boisson instantanée et glacée.;', 'oui', 50, 4, 'Aucun', 'boisson', 'printemps', 'quotidien', 'non', 'oui'),
(26, 'Compote de pomme', 'En ce qui concerne la compote de pomme, elle est essentiellement composée de pommes fruits.', '<img src=\"./img/dessert2.jpg\" alt=\"Image\" style=\"width:100%;\">\r\n', 'facile', '00:45:00', '00:00:00', '00:30:00', '01:15:00', '1- Eau;2- Sucre;3- Pomme;4- Sucre vanillé;5- Miel;', '1- Peler, épépiner les pommes et les couper en morceaux, puis les mettre dans une cocotte (émaillée de préférence).;2- Ajouter tous les ingrédients et l\'eau puis mettre à cuire à feu doux et à couvert (attention surveiller pour que ça ne déborde pas).;3- Quand les pommes partent en purée, les passer au presse-purée et mettre dans un saladier. Laisser refroidir et déguster.;', 'oui', 68, 5, 'cuisson à l\'eau', 'dessert', 'Automne', 'quotidien', 'non', 'oui'),
(27, 'Compote de Poires vanillée', 'En ce qui concerne la compote de poires, elle est essentiellement composée de poires fruits.', '<img src=\"./img/dessert3.jpg\" alt=\"Image\" style=\"width:100%;\">\r\n', 'facile', '00:10:00', '00:00:00', '00:30:00', '00:40:00', '1- Eau;2- Sucre;3- Poires;4- Vanille;', '1- Peler et couper les deux tiers des poires en quartiers réguliers (c\'est encore plus facile si vous avez un coupe-pomme) et ôter les pépins. Couper de nouveau les quartiers en deux. Les mettre dans une casserole à fond épais avec la gousse de vanille fendue dans la longueur et le sucre candi. Faire compoter à feu moyen en remuant de temps à autre avec une spatule en bois.;2- Peler et couper de la même façon le tiers restant de poires et ajouter les dés de poires dès que les premières sont bien translucides et commencent à caraméliser. Gratter l\'intérieur de la gousse de vanille avec la pointe d\'un couteau pour prélever les petits grains et les mettre dans la compote. Poursuivre la cuisson jusqu\'à ce que les \"secondes\" soient fondantes mais encore en beaux morceaux. Verser à chaud dans un pot stérilisé, fermer et retourner le pot afin de laisser refroidir complètement. Servir avec un quatre-quarts, sur une crêpe de froment, une bonne tranche de gâche ou encore de pain grillé avec une noisette de beurre pour la gourmandise !;', 'oui', 54, 4, 'cuisson à l\'eau', 'dessert', 'Automne', 'quotidien', 'non', 'oui'),
(28, 'Compote de prunes vanillée', 'En ce qui concerne la compote de prunes, elle est essentiellement composée de prunes fruits.', '<img src=\"./img/dessert4.jpg\" alt=\"Image\" style=\"width:100%;\">\r\n', 'facile', '00:10:00', '00:00:00', '00:20:00', '00:30:00', '1- Eau;2- Sucre;3- Prunes;4- Vanille;', '1- Lavez et coupez les prunes en deux, dénoyautez-les.;2- Fendez la gousse de vanille en deux.;3- Dans un grand fait-tout, versez les prunes, le sucre, la vanille. Ajoutez un petit peu d’eau (pour éviter que la compote colle au fait-tout en début de cuisson).;4- Faites cuire à feu moyen pendant 20 minutes environ en remuant de temps en temps. Servez tiède ou froid.;', 'oui', 70, 5, 'cuisson à l\'eau', 'dessert', 'Automne', 'quotidien', 'non', 'oui'),
(29, 'Salade de fruits à la vanille', 'Un dessert aux fruits que j\'ai créé, basé sur une inspiration des salades de fruits en conserve.', '<img src=\"./img/dessert5.jpg\" alt=\"Image\" style=\"width:100%;\">\r\n', 'facile', '00:10:00', '02:00:00', '00:00:00', '02:10:00', '1- Eau;2- Sucre;3- Pommes;4- Vanille;5- Bananes;6- Oranges;', '1- Choisir de beaux fruits, les éplucher et les couper en morceaux.;2- Mettre la macédoine de fruits dans un saladier et verser dessus les fruits coupés en morceaux ainsi que la gousse de vanille et les 100 g de sucre en poudre.;3- Pour finir, mettre cette salade de fruits au freezer et la consommer 2 heures après (ou plus).;', 'oui', 70, 5, 'Aucun', 'dessert', 'Multi_saison', 'quotidien', 'non', 'oui'),
(30, 'Salade de fraises à la menthe', 'Un dessert aux fruits que basé sur une inspiration des salades de fruits en conserve.', '<img src=\"./img/dessert6.jpg\" alt=\"Image\" style=\"width:100%;\">\r\n', 'facile', '00:15:00', '00:00:00', '00:00:00', '00:15:00', '1- Eau;2- Sucre;3- Fraises;4- Citron;5- Menthe;', '1-  Laver les fraises.;2- Coupez les petites queues des fraises puis coupez chaque fruit en 4 ou 6 selon la taille. L’idée c’est de faire des quartiers de fraises. Mettez vos fraises coupées dans un saladier. Arrosez avec le jus du demi citron.;3- Ajoutez le sucre. Ciselez la menthe et ajoutez la. Bien mélangez. L’idéal, pour bien déguster cette salade, est de la laisser reposer une demie heure avant de la servir.;', 'oui', 70, 5, 'Aucun', 'dessert', 'Multi_saison', 'quotidien', 'non', 'oui'),
(31, 'Salade d\'oranges', 'Une recette simple et légère. Idéale pour un dessert léger et parfumé.', '<img src=\"./img/dessert7.jpg\" alt=\"Image\" style=\"width:100%;\">\r\n', 'facile', '00:20:00', '01:30:00', '00:00:00', '01:50:00', '1- Eau;2- Sucre glace;3- Oranges;4- Rhum;5- Menthe;6- Cannelle;', '1- Découper l\'écorce des oranges (que vous pourrez toujours utiliser pour faire des orangettes), en essayant d\'éliminer le maximum de partie blanche pour ne garder que la chair.;2- Tailler les oranges en rondelles puis en petits cubes (ou alors en suivant les quartiers naturels des oranges).;3- Mettre les oranges dans un saladier et ajouter le reste des ingrédients.Recouvrir de film plastique et laisser mariner 1 à 2 heures au frigo.;', 'oui', 80, 4, 'Aucun', 'dessert', 'Multi_saison', 'quotidien', 'non', 'oui'),
(32, 'Salade de mangues', 'Hum, vite fait et pourtant sublime.', '<img src=\"./img/dessert8.jpg\" alt=\"Image\" style=\"width:100%;\">\r\n', 'facile', '00:10:00', '01:00:00', '00:00:00', '01:10:00', '1- Eau;2- Sucre vanillé;3- Mangues;4- Menthe;', '1- Peler et émincer les mangues ou plus simple et néanmoins excellent, laisser décongeler un sachet de tranche de mangue.;2- Ajouter la menthe ciselée et le sucre vanillé.;3- Laisser reposer environ une heure.;', 'oui', 60, 5, 'Aucun', 'dessert', 'Multi_saison', 'quotidien', 'non', 'oui'),
(33, 'Salade d’oranges et clémentines épicées', 'Salade d’oranges et clémentines épicées.', '<img src=\"./img/dessert9.jpg\" alt=\"Image\" style=\"width:100%;\">\r\n', 'facile', '00:20:00', '00:00:00', '00:05:00', '00:25:00', '1- Eau;2- Vanille;3- Mandarine;4- Cannelle;5- Muscade;6- Girofle;7- Sucre;8- Oranges;', '1- Prélevez le zeste de deux oranges avec un économe et taillez-les en fine julienne.;2- Portez à ébullition 30 cl d’eau avec le sucre et toutes les épices. Ajoutez les zestes d’orange et laissez bouillir 5 minutes. Ajoutez la mandarine impériale et donnez une minute de bouillon, retirez du feu.;3- Pelez les oranges et les clémentines et coupez-les en quartiers. Répartissez-les dans des coupes et versez le sirop par-dessus Réservez au frais jusqu’au moment de servir.;', 'oui', 60, 4, 'cuisson à l\'eau', 'dessert', 'hiver', 'quotidien', 'non', 'oui'),
(34, 'Salade de melon framboise soho', 'Un instant de dégustation magique, une capture d\'associations, de la fraîcheur, des saveurs, des couleurs.', '<img src=\"./img/dessert10.jpg\" alt=\"Image\" style=\"width:100%;\">\r\n', 'facile', '00:05:00', '01:00:00', '00:00:00', '01:05:00', '1- Eau;2- Citron;3- Melon;4- Framboises;5- Soho;6- Thé;7- Sucre;8- Gingembre;', '1- Couper le melon en deux, enlever les graines avec une cuillère. Prélever des billes de chair avec une cuillère parisienne. Les placer dans un récipient. Réserver le jus au frais.;2- Passer rapidement les framboises sous l\'eau fraîche, les égoutter sur du papier absorbant.;3-Dans un verre à cocktail, alterner une couche de billes de melon, puis de framboises, et enfin de melon, tout en déposant au fur et à mesure quelques notes de gingembre confit râpé finement.;4- Une heure avant la dégustation, mettre deux cuillères à soupe de Soho dans un récipient, y ajouter le gingembre en poudre, le sucre, ainsi qu\'un trait de jus de citron vert. Bien mélanger. En arroser les fruits tout en délicatesse. Réserver au frais. Servir frais.;', 'oui', 67, 4, 'Aucun', 'dessert', 'Multi_saison', 'quotidien', 'non', 'oui'),
(35, 'Jus de carottes, oranges, citron', 'C\'est le Jus de Carottes, Oranges et Citron . Un jus détox sans sucres ajoutés (mieux en cela que le jus ACE Pago).', '<img src=\"./img/boisson5.jpg\" alt=\"Image\" style=\"width:100%;\">\r\n', 'facile', '00:05:00', '00:00:00', '00:00:00', '00:05:00', '1- Eau;2- Sucre;3- Carottes;4- Oranges;5- Citron;', '1- Lavez et épluchez les carottes, de même pour les oranges et le citron.;2- Dans une centrifugeuse, passez les carottes, ensuite les oranges et en dernier le citron.;3- Mélangez le tout avant de siroter ce petit jus extra, vous pouvez aussi le réserver au frais et le boire dans la journée.;', 'oui', 50, 4, 'Aucun', 'boisson', 'Multi_saison', 'quotidien', 'non', 'oui'),
(36, 'Jus de betterave', 'La betterave est un aliment très sain qui devrait être compris dans nos habitudes alimentaires, car il est riche en fer, vitamine B et C, potassium et carotène. ', '<img src=\"./img/boisson6.jpg\" alt=\"Image\" style=\"width:100%;\">\r\n', 'facile', '00:10:00', '00:00:00', '00:00:00', '00:10:00', '1- Eau;2- Sucre;3- Betteraves;4- Citron;', '1- La première chose à faire pour élaborer ce jus est de préparer les betteraves, en les nettoyant et en les coupant de façon appropriée. Commencez par leur enlever les feuilles et la pointe de la racine à l\'aide d\'un couteau. Ensuite, lavez-les bien pour éliminer tout reste de saleté et retirez la peau avec un couteau ou un économe si vous en avez un. Il est aussi possible de laisser la peau de la betterave, mais dans ce cas, le jus final aura un goût plus amer. Finalement, coupez la betterave en longs morceaux, puis regroupez-les pour les couper en dés.;2- Versez tous les morceaux de betterave dans le verre du mixer et ajoutez une tasse d\'eau froide. Il faut ensuite extraire le jus du citron, utilisez pour cela un presse-fruits manuel ou électrique et n\'oubliez pas de filtrer le liquide obtenu si vous ne voulez pas sentir des restes de pulpe en buvant le jus de betterave.;3- Ajoutez le jus de citron pressé dans le mixer, ainsi que la betterave et broyez à puissance moyenne tous les ingrédients pour qu\'ils s\'intègrent et soient complètement moulinés. Si le jus de betterave est trop épais, ajoutez un peu de plus d\'eau et le tour est joué ! Goûtez-le et ajoutez la quantité de sucre ou édulcorant à votre goût, bien que vous puissiez aussi ajouter un type d\'édulcorant comme le miel, pour qu\'il ait un goût un peu plus agréable.;', 'oui', 29, 5, 'Aucun', 'boisson', 'Multi_saison', 'quotidien', 'non', 'oui'),
(37, 'Jus de fruits à la banane', 'Très bon pour le goûter ! ', '<img src=\"./img/boisson7.jpg\" alt=\"Image\" style=\"width:100%;\">\r\n', 'très facile', '00:10:00', '00:00:00', '00:00:00', '00:10:00', '1- Eau;2- Sucre;3- Oranges;4- Citron;5- Banane;6- Poires;', '1- Presser l\'orange et le demi citron, couper la banane en petits morceaux et la demi poire en fines lamelles. Mixer le tout.;2- Vous pouvez rajouter un peu d\'eau si le mélange est trop épais, et rajouter du sucre selon l\'acidité de l\'orange et du citron.;3- Mettre au frigo, jusqu\'à ce que ça soit bien frais.;', 'oui', 50, 5, 'Aucun', 'boisson', 'Multi_saison', 'quotidien', 'non', 'oui'),
(38, 'Jus d\'ananas', 'Très bon pour le goûter ! ', '<img src=\"./img/boisson8.jpg\" alt=\"Image\" style=\"width:100%;\">\r\n', 'facile', '00:10:00', '00:00:00', '00:00:00', '00:10:00', '1- Eau;2- Sucre;3- Oranges;4- Citron;5- Ananas;6- Gingembre;', '1- Pressez le citron et l\'orange.;2- Coupez les extrémités de l\'ananas, retirez l\'écorce et découpez la chair en morceaux. Mixez-les avec le gingembre râpé, le sucre et le jus d\'orange et de citron. Ajoutez de l\'eau selon vos goûts.;3- Filtrez le tout si vous préférez ne garder que le jus clair. Réservez au frais.;', 'oui', 60, 5, 'Aucun', 'boisson', 'Multi_saison', 'quotidien', 'non', 'oui'),
(39, 'Jus de kiwi', 'Vert ou golden, le kiwi est un petit fruit qui nous apporte beaucoup, et notamment de la vitamine C.', '<img src=\"./img/boisson9.jpg\" alt=\"Image\" style=\"width:100%;\">\r\n', 'facile', '00:10:00', '00:00:00', '00:00:00', '00:10:00', '1- Eau;2- Sucre;3- Kiwi;4- Citron;5- Glaçons;', '1- Peler les kiwis et les couper grossièrement.;2- Placer les morceaux de kiwi dans un blender. Ajouter le sucre et le jus de citron et mixer.;3- Verser dans un pichet et ajouter l\'eau pétillante.Au moment de servir, placer quelques glaçons dans des verres et verser le jus de kiwi.;', 'oui', 60, 5, 'Aucun', 'boisson', 'hiver', 'quotidien', 'non', 'oui'),
(40, 'Mojito', 'Pas de soirée salsa sans une recette de mojito qui en jette ! Ce cocktail hyper frais et savoureux fait toujours l\'unanimité à l\'heure de l\'apéritif.', '<img src=\"./img/boisson10.jpg\" alt=\"Image\" style=\"width:100%;\">\r\n', 'facile', '00:10:00', '00:00:00', '00:00:00', '00:10:00', '1- Eau gazeuse;2- Sucre;3- Menthe;4- Citron;5- Rhum;', '1- Pilez la glace;2- Versez les feuilles de menthe dans chaque verre.;3- Coupez le citron. Ajoutez le sucre, la glace pilée, le rhum, l\'eau gazeuse.;4- Mélangez, Servez et dégustez.', 'oui', 100, 5, 'Aucun', 'boisson', 'Multi_saison', 'quotidien', 'non', 'oui'),
(41, 'Velouté de petits pois au Thermomix', 'Le velouté de petits pois au Thermomix est un velouté tout en douceur, à servir en entrée.', '<img src=\"./img/entrée10.png\" alt=\"Image\" style=\"width:100%;\">\r\n', 'facile\r\n', '00:05:00', '00:00:00', '00:20:00', '00:25:00', '1- Petits pois;2- Crème fraîche;3- Oignon;4- Sel;5- Eau;6- Ail;7- Oignon;8- Huile d’olive;7- Poivre;\r\n', '1- Mettez l’oignon coupé en quatre, ainsi que la gousse d’ail, dans le bol du Thermomix. Mixez 5 sec, vitesse 5. Puis, raclez les parois du bol avec une spatule.;2- Ajoutez l’huile d’olive, puis faites revenir 3 min, mode Varoma, vitesse 2.;3- Versez les petits pois surgelés dans le bol du Thermomix. Ajoutez l’eau. Salez et poivrez selon votre goût. Attention, le bouillon cube va naturellement saler le velouté. Faites cuire 20 min, à 100°C, vitesse 2.;4- Émulsionnez le velouté pendant 1 min, vitesse 6.Ajoutez la crème fraîche et mixez de nouveau 1 min, en commençant sur la vitesse 5 et en terminant vitesse 10. Le velouté est prêt.;', 'oui', 162, 5, 'cocotte-minute', 'entrée', 'multi_saison', 'quotidien', 'non', 'oui');

-- --------------------------------------------------------

--
-- Table structure for table `utilisateur`
--

CREATE TABLE `utilisateur` (
  `id_utilisateur` int(11) NOT NULL,
  `nom` varchar(255) NOT NULL,
  `prenom` varchar(255) NOT NULL,
  `email` varchar(255) NOT NULL,
  `sexe` varchar(255) NOT NULL,
  `date_naissance` date NOT NULL,
  `pwd` varchar(255) NOT NULL,
  `profile` enum('administrateur','utilisateur') NOT NULL DEFAULT 'utilisateur',
  `valide_utilisateur` enum('oui','non') NOT NULL,
  `barre` enum('oui','non') NOT NULL DEFAULT 'non'
) ENGINE=InnoDB DEFAULT CHARSET=utf8mb4;

--
-- Dumping data for table `utilisateur`
--

INSERT INTO `utilisateur` (`id_utilisateur`, `nom`, `prenom`, `email`, `sexe`, `date_naissance`, `pwd`, `profile`, `valide_utilisateur`, `barre`) VALUES
(2, 'assia', 'nyris', 'aissanyris84@gmail.com', 'féminin', '2002-04-08', '123', 'utilisateur', 'oui', 'oui'),
(3, 'admin', 'admin', 'admin@gmail.com', 'masculin', '2001-04-08', 'admin', 'administrateur', 'oui', 'non'),
(4, 'user', 'user', 'user@gmail.com', 'masculin', '2001-04-08', '123', 'utilisateur', 'oui', 'non'),
(5, 'user1', 'user1', 'user1@gmail.com', 'masculin', '2000-04-08', '123', 'utilisateur', 'oui', 'non'),
(7, 'user2', 'user2', 'user2@gmail.com', 'féminin', '2000-10-13', '123', 'utilisateur', 'non', 'non');

--
-- Indexes for dumped tables
--

--
-- Indexes for table `aliment`
--
ALTER TABLE `aliment`
  ADD PRIMARY KEY (`id_aliment`);

--
-- Indexes for table `categorie`
--
ALTER TABLE `categorie`
  ADD PRIMARY KEY (`id_categorie`),
  ADD UNIQUE KEY `nom_categorie` (`nom_categorie`);

--
-- Indexes for table `parametres`
--
ALTER TABLE `parametres`
  ADD PRIMARY KEY (`id_par`);

--
-- Indexes for table `preference`
--
ALTER TABLE `preference`
  ADD PRIMARY KEY (`id_pref`);

--
-- Indexes for table `recette`
--
ALTER TABLE `recette`
  ADD PRIMARY KEY (`id_recette`),
  ADD KEY `categorie_nom` (`categorie_nom`);

--
-- Indexes for table `utilisateur`
--
ALTER TABLE `utilisateur`
  ADD PRIMARY KEY (`id_utilisateur`);

--
-- AUTO_INCREMENT for dumped tables
--

--
-- AUTO_INCREMENT for table `aliment`
--
ALTER TABLE `aliment`
  MODIFY `id_aliment` int(11) NOT NULL AUTO_INCREMENT, AUTO_INCREMENT=1034;

--
-- AUTO_INCREMENT for table `parametres`
--
ALTER TABLE `parametres`
  MODIFY `id_par` int(11) NOT NULL AUTO_INCREMENT;

--
-- AUTO_INCREMENT for table `preference`
--
ALTER TABLE `preference`
  MODIFY `id_pref` int(11) NOT NULL AUTO_INCREMENT, AUTO_INCREMENT=23;

--
-- AUTO_INCREMENT for table `recette`
--
ALTER TABLE `recette`
  MODIFY `id_recette` int(11) NOT NULL AUTO_INCREMENT, AUTO_INCREMENT=57;

--
-- AUTO_INCREMENT for table `utilisateur`
--
ALTER TABLE `utilisateur`
  MODIFY `id_utilisateur` int(11) NOT NULL AUTO_INCREMENT, AUTO_INCREMENT=8;

--
-- Constraints for dumped tables
--

--
-- Constraints for table `recette`
--
ALTER TABLE `recette`
  ADD CONSTRAINT `recette_ibfk_1` FOREIGN KEY (`categorie_nom`) REFERENCES `categorie` (`nom_categorie`) ON DELETE CASCADE ON UPDATE CASCADE;
COMMIT;

/*!40101 SET CHARACTER_SET_CLIENT=@OLD_CHARACTER_SET_CLIENT */;
/*!40101 SET CHARACTER_SET_RESULTS=@OLD_CHARACTER_SET_RESULTS */;
/*!40101 SET COLLATION_CONNECTION=@OLD_COLLATION_CONNECTION */;
